source,outcome_id,outcome,native_unit,higher_value_interpretation,cesi_measure,model,beta,standard_error,degrees_freedom,t,p,n,n_states,icc,singular,p_holm
County Health Rankings & Roadmaps 2025,CHR_ALCOHOL_DRIVING_DEATHS,Alcohol-Impaired Driving Deaths,Proportion of driving deaths involving alcohol impairment,Worse health / greater alcohol-related mortality burden,Meaning CESI,MLM-M1,0.0056426808538598576,0.03219030858506703,1474.5778368320828,0.17529129423995263,0.8608748181940922,1540,39,0.24264101897855925,FALSE,1
CDC PLACES 2024,TEETHLOST,All Teeth Lost,Age-adjusted percentage of adults,Worse health / higher risk prevalence,Meaning CESI,MLM-M1,0.19556076199753716,0.024640681503113514,1537.4756030570445,7.93649972598472,3.975597117738055e-15,1540,39,0.3916780719086186,FALSE,9.143873370797525e-14
CDC PLACES 2024,DISABILITY,Any Disability,Age-adjusted percentage of adults,Worse health / higher risk prevalence,Meaning CESI,MLM-M1,0.1235735242807105,0.019459878392356977,1530.0102761935204,6.3501693992725565,2.828709138154677e-10,1540,39,0.635620013072665,FALSE,5.374547362493886e-9
CDC PLACES 2024,ARTHRITIS,Arthritis,Age-adjusted percentage of adults,Worse health / higher risk prevalence,Meaning CESI,MLM-M1,0.17482597444403825,0.01679427947943595,1521.5703799518506,10.409852632148164,1.4603027168245112e-24,1540,39,0.7374172807575702,FALSE,4.9650292372033384e-23
CDC PLACES 2024,BINGE,Binge Drinking,Age-adjusted percentage of adults,Worse health / higher risk prevalence,Meaning CESI,MLM-M1,-0.07971721897195189,0.01294736843644637,1510.7927945253928,-6.157020970188106,9.481429211632045e-10,1540,39,0.8585449258062656,FALSE,1.6118429659774477e-8
CDC PLACES 2024,COPD,COPD,Age-adjusted percentage of adults,Worse health / higher risk prevalence,Meaning CESI,MLM-M1,0.17991005608997243,0.020775181085707604,1531.8492409634525,8.659855013910926,1.1766693589216232e-17,1540,39,0.6147623674044197,FALSE,3.0593403331962203e-16
CDC PLACES 2024,CANCER,Cancer (non-skin) or Melanoma,Age-adjusted percentage of adults,Worse health / higher risk prevalence,Meaning CESI,MLM-M1,-0.05589656180614642,0.010455628950425472,1529.5372420196559,-5.3460735907113275,1.0349321928628863e-7,1540,39,0.643573228719219,FALSE,1.2419186314354635e-6
County Health Rankings & Roadmaps 2025,CHR_CHILD_MORTALITY,Child Mortality,"Deaths under age 20 per 100,000",Worse health / higher mortality,Meaning CESI,MLM-M1,0.3378046236126297,0.026695589547821225,1244.4566721549688,12.653948810813949,1.3029491058854084e-34,1387,39,0.18733440652542585,FALSE,5.602681155307256e-33
CDC PLACES 2024,COGNITION,Cognitive Disability,Age-adjusted percentage of adults,Worse health / higher risk prevalence,Meaning CESI,MLM-M1,0.11467394098890238,0.021749036775433387,1534.349013857006,5.2725986062257375,1.5368152561255595e-7,1540,39,0.5802083287930493,FALSE,1.6904967817381153e-6
CDC PLACES 2024,CHD,Coronary Heart Disease,Age-adjusted percentage of adults,Worse health / higher risk prevalence,Meaning CESI,MLM-M1,0.07902128829487501,0.021213823383666175,1531.5651393260823,3.724990392619105,2.024107566280422e-4,1540,39,0.6168255118549494,FALSE,0.0016192860530243377
CDC PLACES 2024,CASTHMA,Current Asthma,Age-adjusted percentage of adults,Worse health / higher risk prevalence,Meaning CESI,MLM-M1,0.22804751073276502,0.020861542594858812,1524.8007070808583,10.931478805837004,7.836442473608202e-27,1540,39,0.6996818874486106,FALSE,2.9778481399711166e-25
CDC PLACES 2024,CSMOKING,Current Cigarette Smoking,Age-adjusted percentage of adults,Worse health / higher risk prevalence,Meaning CESI,MLM-M1,0.2077264472480272,0.02265948262390054,1537.5639004762804,9.167307599023625,1.5082675981252983e-19,1540,39,0.5308886843172897,FALSE,4.223149274750835e-18
CDC PLACES 2024,DEPRESSION,Depression,Age-adjusted percentage of adults,Worse health / higher risk prevalence,Meaning CESI,MLM-M1,0.030105756232761918,0.013974778412293408,1515.986012090056,2.1542922073296222,0.03137441862793489,1540,39,0.808519209269318,FALSE,0.18824651176760937
CDC PLACES 2024,DIABETES,Diabetes,Age-adjusted percentage of adults,Worse health / higher risk prevalence,Meaning CESI,MLM-M1,0.08111747714197111,0.014488251838367468,1516.9702292402899,5.598845053697755,2.5572952053191368e-8,1540,39,0.7877810359537316,FALSE,3.835942807978705e-7
County Health Rankings & Roadmaps 2025,CHR_OVERDOSE_DEATHS,Drug Overdose Deaths,"Deaths per 100,000",Worse health / higher mortality,Meaning CESI,MLM-M1,0.024778132706611108,0.03035569857251369,1315.5807451895323,0.8162596768254602,0.4144994019959838,1322,39,0.38702542402236306,FALSE,1
County Health Rankings & Roadmaps 2025,CHR_FIREARM_FATALITIES,Firearm Fatalities,"Deaths per 100,000",Worse health / higher mortality,Meaning CESI,MLM-M1,0.23741474279123442,0.026519204683663488,1441.1571251594444,8.952558933167706,1.045100534788453e-18,1442,39,0.42684750591845755,FALSE,2.821771443928823e-17
CDC PLACES 2024,MHLTH,Frequent Mental Distress,Age-adjusted percentage of adults,Worse health / higher risk prevalence,Meaning CESI,MLM-M1,0.1750685459528006,0.021105069180697413,1529.8992594251672,8.29509462650411,2.3505725710505005e-16,1540,39,0.6394155954664423,FALSE,5.641374170521201e-15
CDC PLACES 2024,PHLTH,Frequent Physical Distress,Age-adjusted percentage of adults,Worse health / higher risk prevalence,Meaning CESI,MLM-M1,0.10353711970996016,0.022181037910545542,1536.2789255703524,4.667821232149621,3.30905484509169e-6,1540,39,0.5517044592539788,FALSE,3.30905484509169e-5
CDC PLACES 2024,GHLTH,General Health,Age-adjusted percentage of adults,Worse health / higher risk prevalence,Meaning CESI,MLM-M1,0.0892072586243754,0.019476291351853286,1532.5947413902798,4.5803000690830595,5.018879670214155e-6,1540,39,0.6025483077061051,FALSE,4.516991703192739e-5
County Health Rankings & Roadmaps 2025,CHR_HIV_PREVALENCE,HIV Prevalence,"People living with diagnosed HIV per 100,000 age 13+",Higher infectious-disease burden,Meaning CESI,MLM-M1,0.13839917513872058,0.022817016046705507,1463.6611177288942,6.065612385748561,1.6705377766928847e-9,1499,38,0.7680301145282226,FALSE,2.6728604427086155e-8
CDC PLACES 2024,HEARING,Hearing Disability,Age-adjusted percentage of adults,Worse health / higher risk prevalence,Meaning CESI,MLM-M1,-0.019442774929580776,0.02038079344027552,1536.1425904507776,-0.9539753683563136,0.34024619923441723,1540,39,0.5545820308453959,FALSE,1
CDC PLACES 2024,BPHIGH,High Blood Pressure,Age-adjusted percentage of adults,Worse health / higher risk prevalence,Meaning CESI,MLM-M1,0.21194630729406566,0.01462698982856329,1464.3510363906962,14.490083727287564,1.4500632984956147e-44,1487,38,0.7972103110284461,FALSE,6.380278513380705e-43
CDC PLACES 2024,HIGHCHOL,High Cholesterol,Age-adjusted percentage of adults,Worse health / higher risk prevalence,Meaning CESI,MLM-M1,0.024255893802907828,0.020278796338927305,1467.5209167328621,1.1961209826022101,0.23184256952170026,1487,38,0.7568657791296826,FALSE,1
County Health Rankings & Roadmaps 2025,CHR_HOMICIDES,Homicide Mortality,"Deaths per 100,000",Worse health / higher mortality,Meaning CESI,MLM-M1,0.3301229464369657,0.03158794364313112,903.3771111657032,10.450916025638529,3.2668684225907366e-24,1018,39,0.2159500421284106,FALSE,1.078066579454943e-22
CDC PLACES 2024,INDEPLIVE,Independent Living Disability,Age-adjusted percentage of adults,Worse health / higher risk prevalence,Meaning CESI,MLM-M1,0.16052210247694623,0.021873674617176746,1539.0990716056992,7.338597893876185,3.4793333436949723e-13,1540,39,0.49706969884080604,FALSE,7.654533356128939e-12
County Health Rankings & Roadmaps 2025,CHR_INFANT_MORTALITY,Infant Mortality,"Deaths under age 1 per 1,000 live births",Worse health / higher mortality,Meaning CESI,MLM-M1,0.4025274279089013,0.033983855323309116,772.5260400908144,11.844666359346597,7.375988313732158e-30,893,39,0.21813580943347016,FALSE,2.950395325492863e-28
County Health Rankings & Roadmaps 2025,CHR_INJURY_DEATHS,Injury Deaths,"Deaths per 100,000",Worse health / higher mortality,Meaning CESI,MLM-M1,0.14916506825585454,0.0271629684160669,1522.7316884545846,5.4914862753963,4.663378715951689e-8,1540,39,0.31497157048972824,FALSE,6.528730202332364e-7
CDC PLACES 2024,EMOTIONSPT,Lack of Social/Emotional Support,Age-adjusted percentage of adults,Worse health / higher risk prevalence,Meaning CESI,MLM-M1,0.1629536108950993,0.014762678303929813,1526.6608121784263,11.038214580054975,2.6135804571876968e-27,1540,39,0.6783764453257949,FALSE,1.0192963783032017e-25
County Health Rankings & Roadmaps 2025,CHR_LIFEEXP,Life Expectancy,Years,Better health / greater longevity,Meaning CESI,MLM-M1,-0.25208389628815847,0.024002083235025427,1538.945250643784,-10.502584039051285,5.74051242235075e-25,1540,39,0.4113178002164861,FALSE,2.06658447204627e-23
County Health Rankings & Roadmaps 2025,CHR_LOW_BIRTH_WEIGHT,Low Birth Weight,Proportion of live births,Worse population health,Meaning CESI,MLM-M1,0.23831262479420817,0.020471979872214573,1539.4914007226441,11.640917306569651,4.4565140541507815e-30,1540,39,0.4859580654321289,FALSE,1.8271707622018204e-28
CDC PLACES 2024,MOBILITY,Mobility Disability,Age-adjusted percentage of adults,Worse health / higher risk prevalence,Meaning CESI,MLM-M1,0.13079802170615834,0.018709139251014546,1529.317297449245,6.9911298404102435,4.05968949352218e-12,1540,39,0.6441036011436456,FALSE,8.525347936396578e-11
County Health Rankings & Roadmaps 2025,CHR_MVC_DEATHS,Motor Vehicle Crash Deaths,"Deaths per 100,000",Worse health / higher mortality,Meaning CESI,MLM-M1,0.2772890187074902,0.02203398210168699,1512.2459858812601,12.584607604190623,1.3031912155969483e-34,1524,39,0.32931959687983725,FALSE,5.602681155307256e-33
CDC PLACES 2024,OBESITY,Obesity,Age-adjusted percentage of adults,Worse health / higher risk prevalence,Meaning CESI,MLM-M1,0.21578483512421698,0.02191387583556817,1528.063484201761,9.846949793061206,3.187736759679609e-22,1540,39,0.6541874334502049,FALSE,9.563210279038827e-21
CDC PLACES 2024,LPA,Physical Inactivity,Age-adjusted percentage of adults,Worse health / higher risk prevalence,Meaning CESI,MLM-M1,0.1360299036705004,0.020222192035496935,1529.9801896475549,6.726763519588822,2.443489203004313e-11,1540,39,0.6330568843290065,FALSE,4.886978406008626e-10
County Health Rankings & Roadmaps 2025,CHR_PREMATURE_AAM,Premature Age-Adjusted Mortality,"Deaths per 100,000 (age-adjusted)",Worse health / higher mortality,Meaning CESI,MLM-M1,0.2379313902413647,0.02344724926029713,1539.2958873140901,10.14751826962706,1.82588698496358e-23,1540,39,0.4185573437905494,FALSE,5.660249653387098e-22
County Health Rankings & Roadmaps 2025,CHR_PREMATURE_DEATH,Premature Death,"Years of potential life lost before age 75 per 100,000 (age-adjusted)",Worse health / higher mortality burden,Meaning CESI,MLM-M1,0.22018792875774726,0.02395000045852298,1536.3202586555635,9.193650294039555,1.1971347089209475e-19,1540,39,0.37936363090242703,FALSE,3.471690655870748e-18
CDC PLACES 2024,SELFCARE,Self-care Disability,Age-adjusted percentage of adults,Worse health / higher risk prevalence,Meaning CESI,MLM-M1,0.127203924582784,0.02016925744179302,1539.9798767330863,6.306822397893681,3.7129064566473666e-10,1540,39,0.44703707549458294,FALSE,6.68323162196526e-9
County Health Rankings & Roadmaps 2025,CHR_STI,Sexually Transmitted Infections,"Diagnosed cases per 100,000",Higher infectious-disease burden,Meaning CESI,MLM-M1,0.2159684931834755,0.020054154753399056,1499.482790962814,10.769264316506293,4.2126214351387225e-26,1539,39,0.2747396189837754,FALSE,1.5586699310013273e-24
CDC PLACES 2024,SLEEP,Short Sleep Duration,Age-adjusted percentage of adults,Worse health / higher risk prevalence,Meaning CESI,MLM-M1,0.2260516648836429,0.021709805822573952,1533.3091540466287,10.412422235881694,1.4045266232743285e-24,1540,39,0.5950874624169454,FALSE,4.91584318146015e-23
CDC PLACES 2024,ISOLATION,Social Isolation,Age-adjusted percentage of adults,Worse health / higher risk prevalence,Meaning CESI,MLM-M1,0.11632145160294316,0.021274062063047036,1531.4683124794058,5.4677593427252935,5.31412227748861e-8,1540,39,0.6177012364876915,FALSE,6.908358960735193e-7
CDC PLACES 2024,STROKE,Stroke,Age-adjusted percentage of adults,Worse health / higher risk prevalence,Meaning CESI,MLM-M1,0.21468782506048315,0.0208479466748643,1539.7461019629977,10.29779231540943,4.2721733264232976e-24,1540,39,0.432226497798601,FALSE,1.3670954644554552e-22
County Health Rankings & Roadmaps 2025,CHR_SUICIDES,Suicide Mortality,"Deaths per 100,000 (age-adjusted)",Worse health / higher mortality,Meaning CESI,MLM-M1,0.020441925898826114,0.026911584714387118,1489.9104120011486,0.7595957694716402,0.4476164143839403,1490,39,0.47095890190266954,FALSE,1
County Health Rankings & Roadmaps 2025,CHR_TEEN_BIRTHS,Teen Births,"Births per 1,000 females ages 15-19",Higher reproductive-health risk,Meaning CESI,MLM-M1,0.19911911089914272,0.023862883817427512,1528.6110069918086,8.344302072732814,1.581125033334027e-16,1539,39,0.3423160074356871,FALSE,3.952812583335067e-15
CDC PLACES 2024,VISION,Vision Disability,Age-adjusted percentage of adults,Worse health / higher risk prevalence,Meaning CESI,MLM-M1,0.05395408954116188,0.01816815270387579,1539.3211356887418,2.969706960336805,0.0030269748281093593,1540,39,0.49016421560825146,FALSE,0.021188823796765514
County Health Rankings & Roadmaps 2025,CHR_ALCOHOL_DRIVING_DEATHS,Alcohol-Impaired Driving Deaths,Proportion of driving deaths involving alcohol impairment,Worse health / greater alcohol-related mortality burden,Meaning CESI,MLM-M2,0.03135498368853037,0.03365768919107053,1521.851354772264,0.9315845633528793,0.35169902249050733,1540,39,0.22114327159411082,FALSE,1
CDC PLACES 2024,TEETHLOST,All Teeth Lost,Age-adjusted percentage of adults,Worse health / higher risk prevalence,Meaning CESI,MLM-M2,0.03325113425421124,0.021085862786220353,1528.587597974428,1.5769397055898946,0.11501631475467831,1540,39,0.23490493444574326,FALSE,0.9201305180374265
CDC PLACES 2024,DISABILITY,Any Disability,Age-adjusted percentage of adults,Worse health / higher risk prevalence,Meaning CESI,MLM-M2,-0.04184218807282965,0.013335273773506929,1526.3033583631316,-3.137707465440804,0.0017352975307802522,1540,39,0.5719714880495186,FALSE,0.032970653084824796
CDC PLACES 2024,ARTHRITIS,Arthritis,Age-adjusted percentage of adults,Worse health / higher risk prevalence,Meaning CESI,MLM-M2,0.05837174389958873,0.013674986306963049,1516.824028764202,4.268504742112021,2.0898506720496003e-5,1540,39,0.7124472155577917,FALSE,5.43361174732896e-4
CDC PLACES 2024,BINGE,Binge Drinking,Age-adjusted percentage of adults,Worse health / higher risk prevalence,Meaning CESI,MLM-M2,-0.03215722787362237,0.01268941746884151,1507.231881229724,-2.534176840866296,0.011371712119818944,1540,39,0.8552387345339929,FALSE,0.16886790541578972
CDC PLACES 2024,COPD,COPD,Age-adjusted percentage of adults,Worse health / higher risk prevalence,Meaning CESI,MLM-M2,0.017068571641643868,0.015523863202757397,1535.4488011247795,1.0995054142587455,0.27172003270352646,1540,39,0.45300263238489574,FALSE,1
CDC PLACES 2024,CANCER,Cancer (non-skin) or Melanoma,Age-adjusted percentage of adults,Worse health / higher risk prevalence,Meaning CESI,MLM-M2,-0.024046685984141426,0.010464068313685671,1518.8284752919596,-2.2980245601695297,0.02169573052957355,1540,39,0.6869630275884345,FALSE,0.28204449688445615
County Health Rankings & Roadmaps 2025,CHR_CHILD_MORTALITY,Child Mortality,"Deaths under age 20 per 100,000",Worse health / higher mortality,Meaning CESI,MLM-M2,0.25286486963107857,0.026894662655874826,1268.0071437431168,9.40204652746753,2.4129636768678127e-20,1387,39,0.13589606948081562,FALSE,9.893151075158032e-19
CDC PLACES 2024,COGNITION,Cognitive Disability,Age-adjusted percentage of adults,Worse health / higher risk prevalence,Meaning CESI,MLM-M2,-0.0657855592501201,0.015553531700974054,1535.3737216944114,-4.229621960779507,2.479115894217775e-5,1540,39,0.4534093515745753,FALSE,6.197789735544437e-4
CDC PLACES 2024,CHD,Coronary Heart Disease,Age-adjusted percentage of adults,Worse health / higher risk prevalence,Meaning CESI,MLM-M2,-0.09475522489064354,0.015149301829173756,1535.3108452896365,-6.254758533371402,5.150662591880306e-10,1540,39,0.4530546624152412,FALSE,1.7512252812393038e-8
CDC PLACES 2024,CASTHMA,Current Asthma,Age-adjusted percentage of adults,Worse health / higher risk prevalence,Meaning CESI,MLM-M2,0.1100141918588757,0.01860294815040894,1513.6288364108584,5.913804143804879,4.125140858785821e-9,1540,39,0.7659800381764182,FALSE,1.361296483399321e-7
CDC PLACES 2024,CSMOKING,Current Cigarette Smoking,Age-adjusted percentage of adults,Worse health / higher risk prevalence,Meaning CESI,MLM-M2,0.03206122548115932,0.01735322710866186,1532.477371222812,1.8475656015102786,0.06485782214514005,1540,39,0.49586438489109635,FALSE,0.5837203993062604
CDC PLACES 2024,DEPRESSION,Depression,Age-adjusted percentage of adults,Worse health / higher risk prevalence,Meaning CESI,MLM-M2,-0.050009958861268335,0.012412900249065658,1510.476914159758,-4.0288697933452475,5.883274671735737e-5,1540,39,0.8243432221216784,FALSE,0.001411985921216577
CDC PLACES 2024,DIABETES,Diabetes,Age-adjusted percentage of adults,Worse health / higher risk prevalence,Meaning CESI,MLM-M2,-0.036036466118876606,0.010324092490038126,1511.5675353698202,-3.4905214335931936,4.959347329714487e-4,1540,39,0.7822946136105453,FALSE,0.010414629392400423
County Health Rankings & Roadmaps 2025,CHR_OVERDOSE_DEATHS,Drug Overdose Deaths,"Deaths per 100,000",Worse health / higher mortality,Meaning CESI,MLM-M2,-0.08714112306759608,0.03024614038292354,1321.7773204824157,-2.8810658802864806,0.004027314486827557,1322,39,0.38816127335705364,FALSE,0.06846434627606847
County Health Rankings & Roadmaps 2025,CHR_FIREARM_FATALITIES,Firearm Fatalities,"Deaths per 100,000",Worse health / higher mortality,Meaning CESI,MLM-M2,0.1754089187048426,0.02714719181412091,1439.0648150637312,6.461401971367135,1.4161206893228215e-10,1442,39,0.4359864587617186,FALSE,4.9564224126298755e-9
CDC PLACES 2024,MHLTH,Frequent Mental Distress,Age-adjusted percentage of adults,Worse health / higher risk prevalence,Meaning CESI,MLM-M2,0.011042322153072243,0.0159878225013136,1526.9536416839103,0.6906707997393001,0.48987741605819424,1540,39,0.5738861813994773,FALSE,1
CDC PLACES 2024,PHLTH,Frequent Physical Distress,Age-adjusted percentage of adults,Worse health / higher risk prevalence,Meaning CESI,MLM-M2,-0.0893028460976939,0.015173515035134219,1538.37095449848,-5.8854422255432235,4.8639413186832605e-9,1540,39,0.4007039824352713,FALSE,1.5564612219786434e-7
CDC PLACES 2024,GHLTH,General Health,Age-adjusted percentage of adults,Worse health / higher risk prevalence,Meaning CESI,MLM-M2,-0.0758290453303426,0.013340097644586626,1537.8177255665503,-5.6842946244185715,1.5688966891019952e-8,1540,39,0.4100748583693478,FALSE,4.863579736216186e-7
County Health Rankings & Roadmaps 2025,CHR_HIV_PREVALENCE,HIV Prevalence,"People living with diagnosed HIV per 100,000 age 13+",Higher infectious-disease burden,Meaning CESI,MLM-M2,0.12219909909928002,0.023692031969523672,1456.2941009012268,5.157814207598203,2.8423803478110924e-7,1499,38,0.7692843031678136,FALSE,8.242903008652167e-6
CDC PLACES 2024,HEARING,Hearing Disability,Age-adjusted percentage of adults,Worse health / higher risk prevalence,Meaning CESI,MLM-M2,-0.18177571092798656,0.015048498216198998,1520.8956205093634,-12.079325678645699,3.8189307307085373e-32,1540,39,0.6477330417630304,FALSE,1.6803295215117565e-30
CDC PLACES 2024,BPHIGH,High Blood Pressure,Age-adjusted percentage of adults,Worse health / higher risk prevalence,Meaning CESI,MLM-M2,0.1196420919526035,0.012334572277223853,1461.0723444352293,9.69973577223477,1.3327493545126556e-21,1487,38,0.769005417975825,FALSE,5.730822224404419e-20
CDC PLACES 2024,HIGHCHOL,High Cholesterol,Age-adjusted percentage of adults,Worse health / higher risk prevalence,Meaning CESI,MLM-M2,-0.05228150010901611,0.0197735615181149,1464.4626265882998,-2.6440102892501245,0.008280518702669704,1487,38,0.71033590599126,FALSE,0.13248829924271527
County Health Rankings & Roadmaps 2025,CHR_HOMICIDES,Homicide Mortality,"Deaths per 100,000",Worse health / higher mortality,Meaning CESI,MLM-M2,0.273783374160744,0.03253307935396501,973.5490467014924,8.415538264359729,1.3837739340036819e-16,1018,39,0.21610913027889528,FALSE,5.258340949213991e-15
CDC PLACES 2024,INDEPLIVE,Independent Living Disability,Age-adjusted percentage of adults,Worse health / higher risk prevalence,Meaning CESI,MLM-M2,-0.023129393393730067,0.015385995021027731,1530.6174172578062,-1.5032757622837905,0.13297423590084012,1540,39,0.24272982296608397,FALSE,0.9308196513058808
County Health Rankings & Roadmaps 2025,CHR_INFANT_MORTALITY,Infant Mortality,"Deaths under age 1 per 1,000 live births",Worse health / higher mortality,Meaning CESI,MLM-M2,0.3135192757272891,0.034250135223312335,802.0262570885947,9.153811326090542,4.472657148763404e-19,893,39,0.17513661992354107,FALSE,1.7443362880177275e-17
County Health Rankings & Roadmaps 2025,CHR_INJURY_DEATHS,Injury Deaths,"Deaths per 100,000",Worse health / higher mortality,Meaning CESI,MLM-M2,0.0207009704614757,0.026103893732106937,1539.8930392248628,0.7930223235629473,0.4278869813896752,1540,39,0.32762143836030555,FALSE,1
CDC PLACES 2024,EMOTIONSPT,Lack of Social/Emotional Support,Age-adjusted percentage of adults,Worse health / higher risk prevalence,Meaning CESI,MLM-M2,0.05918170005695488,0.0119304969457041,1515.0072167520689,4.960539391300449,7.821953018045857e-7,1540,39,0.7480579546992054,FALSE,2.19014684505284e-5
County Health Rankings & Roadmaps 2025,CHR_LIFEEXP,Life Expectancy,Years,Better health / greater longevity,Meaning CESI,MLM-M2,-0.07133939312673925,0.018916388736331922,1522.7957980834167,-3.7713008609154155,1.686125708086565e-4,1540,39,0.2165964087551164,FALSE,0.0038780891285990996
County Health Rankings & Roadmaps 2025,CHR_LOW_BIRTH_WEIGHT,Low Birth Weight,Proportion of live births,Worse population health,Meaning CESI,MLM-M2,0.18886466354448475,0.020851886685190394,1536.0135179467786,9.057437650408,3.9474098826478776e-19,1540,39,0.44302394886386876,FALSE,1.578963953059151e-17
CDC PLACES 2024,MOBILITY,Mobility Disability,Age-adjusted percentage of adults,Worse health / higher risk prevalence,Meaning CESI,MLM-M2,-0.025061713470050553,0.012991538270795586,1532.6529058326837,-1.9290797554272843,0.05390540467005951,1540,39,0.48970406723004845,FALSE,0.5390540467005951
County Health Rankings & Roadmaps 2025,CHR_MVC_DEATHS,Motor Vehicle Crash Deaths,"Deaths per 100,000",Worse health / higher mortality,Meaning CESI,MLM-M2,0.1696099132304234,0.02076260498619629,1491.5689743911933,8.169009300287033,6.5600748574998115e-16,1524,39,0.1920051643055486,FALSE,2.4272276972749302e-14
CDC PLACES 2024,OBESITY,Obesity,Age-adjusted percentage of adults,Worse health / higher risk prevalence,Meaning CESI,MLM-M2,0.08363656074145832,0.01923061778686346,1521.8010284414079,4.349135408358587,1.4576015767913805e-5,1540,39,0.6290362100483506,FALSE,3.9355242573367274e-4
CDC PLACES 2024,LPA,Physical Inactivity,Age-adjusted percentage of adults,Worse health / higher risk prevalence,Meaning CESI,MLM-M2,-0.02970335277612416,0.014404498079287129,1524.9951536577769,-2.0620887040025324,0.03936836890374963,1540,39,0.5846936104697074,FALSE,0.4724204268449956
County Health Rankings & Roadmaps 2025,CHR_PREMATURE_AAM,Premature Age-Adjusted Mortality,"Deaths per 100,000 (age-adjusted)",Worse health / higher mortality,Meaning CESI,MLM-M2,0.06571698301141803,0.01886641382929237,1524.7120257190213,3.483278995469957,5.093141505150582e-4,1540,39,0.2224031558625205,FALSE,0.010414629392400423
County Health Rankings & Roadmaps 2025,CHR_PREMATURE_DEATH,Premature Death,"Years of potential life lost before age 75 per 100,000 (age-adjusted)",Worse health / higher mortality burden,Meaning CESI,MLM-M2,0.06056856729854845,0.02056359824574651,1530.5177009986407,2.945426504385087,0.0032738151035051188,1540,39,0.24151582305867453,FALSE,0.05892867186309214
CDC PLACES 2024,SELFCARE,Self-care Disability,Age-adjusted percentage of adults,Worse health / higher risk prevalence,Meaning CESI,MLM-M2,-0.03669653379244506,0.014460641547474937,1522.9884469295503,-2.5376836616804783,0.011257860361052648,1540,39,0.22563054524520607,FALSE,0.16886790541578972
County Health Rankings & Roadmaps 2025,CHR_STI,Sexually Transmitted Infections,"Diagnosed cases per 100,000",Higher infectious-disease burden,Meaning CESI,MLM-M2,0.19823235647963977,0.02094186499373661,1535.2559168504274,9.465840627801201,1.0545570842837279e-20,1539,39,0.2768468396871792,FALSE,4.429139753991657e-19
CDC PLACES 2024,SLEEP,Short Sleep Duration,Age-adjusted percentage of adults,Worse health / higher risk prevalence,Meaning CESI,MLM-M2,0.10732392639832604,0.01978735153516928,1533.8105314190057,5.4238651497939285,6.767148784485974e-8,1540,39,0.475649726996884,FALSE,2.0301446353457924e-6
CDC PLACES 2024,ISOLATION,Social Isolation,Age-adjusted percentage of adults,Worse health / higher risk prevalence,Meaning CESI,MLM-M2,0.0068250371814730275,0.019539093781672442,1517.3872712980547,0.3493016235929464,0.726911346847012,1540,39,0.7026444587614378,FALSE,1
CDC PLACES 2024,STROKE,Stroke,Age-adjusted percentage of adults,Worse health / higher risk prevalence,Meaning CESI,MLM-M2,0.05852249260458326,0.01600543768039986,1523.4207158854545,3.656413137408262,2.644637513213256e-4,1540,39,0.2191400850468009,FALSE,0.005818202529069163
County Health Rankings & Roadmaps 2025,CHR_SUICIDES,Suicide Mortality,"Deaths per 100,000 (age-adjusted)",Worse health / higher mortality,Meaning CESI,MLM-M2,-0.027098770876636088,0.027703293798237716,1481.3787265326332,-0.9781786625805454,0.32814568064080474,1490,39,0.5021170435850751,FALSE,1
County Health Rankings & Roadmaps 2025,CHR_TEEN_BIRTHS,Teen Births,"Births per 1,000 females ages 15-19",Higher reproductive-health risk,Meaning CESI,MLM-M2,0.04194947677283165,0.02044020537403932,1444.8723873778656,2.0523021175761182,0.0403201401137241,1539,39,0.1360873434145442,FALSE,0.4724204268449956
CDC PLACES 2024,VISION,Vision Disability,Age-adjusted percentage of adults,Worse health / higher risk prevalence,Meaning CESI,MLM-M2,-0.0953805213510934,0.012862310156282178,1527.4042551022017,-7.41550469489401,1.9994511512198435e-13,1540,39,0.23863400677216845,FALSE,7.198024144391437e-12
County Health Rankings & Roadmaps 2025,CHR_ALCOHOL_DRIVING_DEATHS,Alcohol-Impaired Driving Deaths,Proportion of driving deaths involving alcohol impairment,Worse health / greater alcohol-related mortality burden,Practice CESI,MLM-M1,0.018992933927711477,0.027742719666342168,2066.092708577691,0.6846096617828696,0.4936670558574864,2108,38,0.18921617595975043,FALSE,1
CDC PLACES 2024,TEETHLOST,All Teeth Lost,Age-adjusted percentage of adults,Worse health / higher risk prevalence,Practice CESI,MLM-M1,-0.0040481623709304445,0.020989837330540356,2110.8463099755086,-0.19286297016891793,0.8470848397145923,2116,38,0.4646777662395735,FALSE,1
CDC PLACES 2024,DISABILITY,Any Disability,Age-adjusted percentage of adults,Worse health / higher risk prevalence,Practice CESI,MLM-M1,0.03045069892767267,0.016282464110868096,2096.737043810126,1.8701529891503135,0.06160181383118431,2116,38,0.6588210686963201,FALSE,1
CDC PLACES 2024,ARTHRITIS,Arthritis,Age-adjusted percentage of adults,Worse health / higher risk prevalence,Practice CESI,MLM-M1,-0.046848892017475566,0.014370934632379545,2089.590599234024,-3.2599753054278775,0.0011321188433339397,2116,38,0.7738297465369518,FALSE,0.03509568414335213
CDC PLACES 2024,BINGE,Binge Drinking,Age-adjusted percentage of adults,Worse health / higher risk prevalence,Practice CESI,MLM-M1,0.0057394693318924975,0.0101614046783823,2083.3169861010333,0.5648303077725887,0.5722500019458882,2116,38,0.8726040328667128,FALSE,1
CDC PLACES 2024,COPD,COPD,Age-adjusted percentage of adults,Worse health / higher risk prevalence,Practice CESI,MLM-M1,0.022622207801875228,0.017603204118528816,2097.9329580932217,1.2851187573325642,0.19889264401591905,2116,38,0.6492029649068936,FALSE,1
CDC PLACES 2024,CANCER,Cancer (non-skin) or Melanoma,Age-adjusted percentage of adults,Worse health / higher risk prevalence,Practice CESI,MLM-M1,-0.020866595021492164,0.009623359479722265,2099.599075036366,-2.16832750199771,0.030245751233273912,2116,38,0.6204958759031847,FALSE,0.6654065271320261
County Health Rankings & Roadmaps 2025,CHR_CHILD_MORTALITY,Child Mortality,"Deaths under age 20 per 100,000",Worse health / higher mortality,Practice CESI,MLM-M1,-0.0765294720813519,0.0254692449092282,1544.4974173733235,-3.004779778674286,0.0027005321267260457,1548,38,0.3167606987263793,FALSE,0.07831543167505532
CDC PLACES 2024,COGNITION,Cognitive Disability,Age-adjusted percentage of adults,Worse health / higher risk prevalence,Practice CESI,MLM-M1,0.07242116482206801,0.017981943393528817,2101.963158913992,4.027438149323187,5.839037269228763e-5,2116,38,0.5886261096166824,FALSE,0.002043663044230067
CDC PLACES 2024,CHD,Coronary Heart Disease,Age-adjusted percentage of adults,Worse health / higher risk prevalence,Practice CESI,MLM-M1,0.007161287246220928,0.018084670633750452,2099.64216416178,0.3959866005442311,0.692155147499634,2116,38,0.6219986466397122,FALSE,1
CDC PLACES 2024,CASTHMA,Current Asthma,Age-adjusted percentage of adults,Worse health / higher risk prevalence,Practice CESI,MLM-M1,-0.025141754810620223,0.017761341470815595,2094.9045252627375,-1.415532427656531,0.15706109012675412,2116,38,0.6889601380367072,FALSE,1
CDC PLACES 2024,CSMOKING,Current Cigarette Smoking,Age-adjusted percentage of adults,Worse health / higher risk prevalence,Practice CESI,MLM-M1,0.0351470266416723,0.019380348949400113,2101.7107032985873,1.8135394121869113,0.06989123445413833,2116,38,0.5943492204100689,FALSE,1
CDC PLACES 2024,DEPRESSION,Depression,Age-adjusted percentage of adults,Worse health / higher risk prevalence,Practice CESI,MLM-M1,0.003646924389086296,0.01128800910814155,2086.95065411468,0.3230795044677921,0.746667398652036,2116,38,0.8254524068705084,FALSE,1
CDC PLACES 2024,DIABETES,Diabetes,Age-adjusted percentage of adults,Worse health / higher risk prevalence,Practice CESI,MLM-M1,-0.02116065361156493,0.012318822815655767,2088.783543059444,-1.717749652561951,0.08599050082626483,2116,38,0.7835203571224356,FALSE,1
County Health Rankings & Roadmaps 2025,CHR_OVERDOSE_DEATHS,Drug Overdose Deaths,"Deaths per 100,000",Worse health / higher mortality,Practice CESI,MLM-M1,-0.08115157571960824,0.029217398709556325,1485.7238283500112,-2.7775085840569873,0.005546593464768134,1489,38,0.35741451975902844,FALSE,0.15530461701350776
County Health Rankings & Roadmaps 2025,CHR_FIREARM_FATALITIES,Firearm Fatalities,"Deaths per 100,000",Worse health / higher mortality,Practice CESI,MLM-M1,-0.15540392722484253,0.023638215195675827,1706.6819186621585,-6.574266539940409,6.478871809031256e-11,1707,38,0.42525168217499204,FALSE,2.5915487236125024e-9
CDC PLACES 2024,MHLTH,Frequent Mental Distress,Age-adjusted percentage of adults,Worse health / higher risk prevalence,Practice CESI,MLM-M1,0.0316943109464818,0.017786313963566915,2097.7186030766675,1.781949369127505,0.07490210484158726,2116,38,0.6503968021520048,FALSE,1
CDC PLACES 2024,PHLTH,Frequent Physical Distress,Age-adjusted percentage of adults,Worse health / higher risk prevalence,Practice CESI,MLM-M1,0.045772934215836086,0.018355811584482865,2103.31766010139,2.493648074625606,0.012720071674331942,2116,38,0.5687848402241219,FALSE,0.3180017918582986
CDC PLACES 2024,GHLTH,General Health,Age-adjusted percentage of adults,Worse health / higher risk prevalence,Practice CESI,MLM-M1,0.043061932710325046,0.016334748903566527,2100.7587439163344,2.6362163853601026,0.00844534431049842,2116,38,0.6047180450927664,FALSE,0.22802429638345736
County Health Rankings & Roadmaps 2025,CHR_HIV_PREVALENCE,HIV Prevalence,"People living with diagnosed HIV per 100,000 age 13+",Higher infectious-disease burden,Practice CESI,MLM-M1,-0.23057247099733008,0.01994114594137372,1866.4548154485947,-11.562648990945917,6.483811798504548e-30,1907,38,0.7940650140629486,FALSE,2.852877191342001e-28
CDC PLACES 2024,HEARING,Hearing Disability,Age-adjusted percentage of adults,Worse health / higher risk prevalence,Practice CESI,MLM-M1,0.05206429559577322,0.01722342342872787,2103.524836990627,3.02287729331048,0.002534068536360704,2116,38,0.5635682617595987,FALSE,0.07602205609082112
CDC PLACES 2024,BPHIGH,High Blood Pressure,Age-adjusted percentage of adults,Worse health / higher risk prevalence,Practice CESI,MLM-M1,-0.07358081064747117,0.012888025106907463,2023.4777372956487,-5.709238617795275,1.3024473040012468e-8,2052,37,0.8289498462290926,FALSE,4.949299755204738e-7
CDC PLACES 2024,HIGHCHOL,High Cholesterol,Age-adjusted percentage of adults,Worse health / higher risk prevalence,Practice CESI,MLM-M1,0.05148772799163018,0.015208846510394725,2026.4862920770108,3.385380209895608,7.243534692335503e-4,2052,37,0.7736883026694219,FALSE,0.02317931101547361
County Health Rankings & Roadmaps 2025,CHR_HOMICIDES,Homicide Mortality,"Deaths per 100,000",Worse health / higher mortality,Practice CESI,MLM-M1,-0.20998046012804097,0.026226480839206597,1063.7688164343815,-8.006429128460733,3.076803199360344e-15,1064,38,0.39043530974766816,FALSE,1.2922573437313443e-13
CDC PLACES 2024,INDEPLIVE,Independent Living Disability,Age-adjusted percentage of adults,Worse health / higher risk prevalence,Practice CESI,MLM-M1,0.02517312232157732,0.018799351498493204,2106.6888310603526,1.3390420581047693,0.18070144055447887,2116,38,0.524003798885843,FALSE,1
County Health Rankings & Roadmaps 2025,CHR_INFANT_MORTALITY,Infant Mortality,"Deaths under age 1 per 1,000 live births",Worse health / higher mortality,Practice CESI,MLM-M1,-0.1899958075457206,0.031018641230596274,899.1596266962339,-6.125213742706173,1.352409646528872e-9,900,38,0.40659692756730675,FALSE,5.274397621462601e-8
County Health Rankings & Roadmaps 2025,CHR_INJURY_DEATHS,Injury Deaths,"Deaths per 100,000",Worse health / higher mortality,Practice CESI,MLM-M1,-0.1059580560336848,0.023831535209123962,2080.396312187534,-4.4461280024091145,9.20348573629746e-6,2087,38,0.2849625943934211,FALSE,3.4052897224300604e-4
CDC PLACES 2024,EMOTIONSPT,Lack of Social/Emotional Support,Age-adjusted percentage of adults,Worse health / higher risk prevalence,Practice CESI,MLM-M1,0.009756982411501424,0.012733068018939387,2094.458557522101,0.7662711293922815,0.4436013444750838,2116,38,0.6983397015375669,FALSE,1
County Health Rankings & Roadmaps 2025,CHR_LIFEEXP,Life Expectancy,Years,Better health / greater longevity,Practice CESI,MLM-M1,-0.0026532034066845665,0.021700759828266917,2086.66327151016,-0.12226315703602986,0.9027023826828684,2090,38,0.4578348507273818,FALSE,1
County Health Rankings & Roadmaps 2025,CHR_LOW_BIRTH_WEIGHT,Low Birth Weight,Proportion of live births,Worse population health,Practice CESI,MLM-M1,-0.1456467958354676,0.019356027853337805,2078.5332335754483,-7.524622145568564,7.825319742256749e-14,2084,38,0.4922866939109255,FALSE,3.208381094325267e-12
CDC PLACES 2024,MOBILITY,Mobility Disability,Age-adjusted percentage of adults,Worse health / higher risk prevalence,Practice CESI,MLM-M1,0.00986123421548829,0.016042430432477075,2097.5021360360065,0.6146970221871575,0.538821500676313,2116,38,0.652324246628768,FALSE,1
County Health Rankings & Roadmaps 2025,CHR_MVC_DEATHS,Motor Vehicle Crash Deaths,"Deaths per 100,000",Worse health / higher mortality,Practice CESI,MLM-M1,0.0724135829096535,0.020742311348401345,1949.033472538552,3.4911048095531827,4.917349881131561e-4,1952,38,0.30345164342547937,FALSE,0.01622725460773415
CDC PLACES 2024,OBESITY,Obesity,Age-adjusted percentage of adults,Worse health / higher risk prevalence,Practice CESI,MLM-M1,0.004064505484176851,0.018957910138194506,2093.5009104618857,0.21439628390199458,0.8302589194562298,2116,38,0.7001874348278376,FALSE,1
CDC PLACES 2024,LPA,Physical Inactivity,Age-adjusted percentage of adults,Worse health / higher risk prevalence,Practice CESI,MLM-M1,0.06618465174392456,0.01714320036390821,2096.832204788253,3.8606940558930827,1.164886641095091e-4,2116,38,0.6554538785117056,FALSE,0.00396061457972331
County Health Rankings & Roadmaps 2025,CHR_PREMATURE_AAM,Premature Age-Adjusted Mortality,"Deaths per 100,000 (age-adjusted)",Worse health / higher mortality,Practice CESI,MLM-M1,-0.02027821467489853,0.021190005961994048,2092.3221039270343,-0.9569706922814987,0.3386926049969886,2096,38,0.4597242493225027,FALSE,1
County Health Rankings & Roadmaps 2025,CHR_PREMATURE_DEATH,Premature Death,"Years of potential life lost before age 75 per 100,000 (age-adjusted)",Worse health / higher mortality burden,Practice CESI,MLM-M1,-0.007700891580417652,0.02188806907394737,2095.2313321428624,-0.35183055912336114,0.7250007190388679,2096,38,0.40178718177168027,FALSE,1
CDC PLACES 2024,SELFCARE,Self-care Disability,Age-adjusted percentage of adults,Worse health / higher risk prevalence,Practice CESI,MLM-M1,-0.02299159649916273,0.017745233340489063,2110.7550717546137,-1.2956491502821275,0.19523805633568753,2116,38,0.4658822265495873,FALSE,1
County Health Rankings & Roadmaps 2025,CHR_STI,Sexually Transmitted Infections,"Diagnosed cases per 100,000",Higher infectious-disease burden,Practice CESI,MLM-M1,-0.17165129210647165,0.01753293648414623,2082.8267411516085,-9.790219240324262,3.6976798047504154e-22,2083,38,0.38125242112911123,FALSE,1.5900023160426786e-20
CDC PLACES 2024,SLEEP,Short Sleep Duration,Age-adjusted percentage of adults,Worse health / higher risk prevalence,Practice CESI,MLM-M1,-0.04164432092929379,0.01745062256603872,2096.0250647783273,-2.386408895825831,0.017102072159561058,2116,38,0.6727453501982336,FALSE,0.4104497318294654
CDC PLACES 2024,ISOLATION,Social Isolation,Age-adjusted percentage of adults,Worse health / higher risk prevalence,Practice CESI,MLM-M1,-0.015130765368559968,0.017434609812115396,2098.740426203527,-0.8678579865920214,0.3855713011243467,2116,38,0.6319717008692678,FALSE,1
CDC PLACES 2024,STROKE,Stroke,Age-adjusted percentage of adults,Worse health / higher risk prevalence,Practice CESI,MLM-M1,-0.04650289837334902,0.018488324603610096,2107.235592960621,-2.515257567701332,0.011968400295408507,2116,38,0.5168176006785954,FALSE,0.3111784076806212
County Health Rankings & Roadmaps 2025,CHR_SUICIDES,Suicide Mortality,"Deaths per 100,000 (age-adjusted)",Worse health / higher mortality,Practice CESI,MLM-M1,-0.057757711199461353,0.024402476830938394,1803.8040519252875,-2.3668790508279027,0.018043865804841484,1805,38,0.35632299343638857,FALSE,0.41500891351135416
County Health Rankings & Roadmaps 2025,CHR_TEEN_BIRTHS,Teen Births,"Births per 1,000 females ages 15-19",Higher reproductive-health risk,Practice CESI,MLM-M1,0.08841174340954361,0.020875330171619556,2049.7209007689976,4.235226110566682,2.384223550243012e-5,2050,38,0.3830611738276328,FALSE,8.583204780874844e-4
CDC PLACES 2024,VISION,Vision Disability,Age-adjusted percentage of adults,Worse health / higher risk prevalence,Practice CESI,MLM-M1,0.02499954197177442,0.0155846503940174,2110.612742070288,1.6041131074310906,0.10883873845903769,2116,38,0.4679461654385045,FALSE,1
County Health Rankings & Roadmaps 2025,CHR_ALCOHOL_DRIVING_DEATHS,Alcohol-Impaired Driving Deaths,Proportion of driving deaths involving alcohol impairment,Worse health / greater alcohol-related mortality burden,Practice CESI,MLM-M2,0.022054561552484607,0.027773657267918563,2072.277734886579,0.7940820087082986,0.42723861213501557,2108,38,0.17431207643269603,FALSE,1
CDC PLACES 2024,TEETHLOST,All Teeth Lost,Age-adjusted percentage of adults,Worse health / higher risk prevalence,Practice CESI,MLM-M2,-0.02963689843093385,0.017324420578577623,2112.584811005283,-1.71070070115829,0.08728318941776232,2116,38,0.2608314746171937,FALSE,1
CDC PLACES 2024,DISABILITY,Any Disability,Age-adjusted percentage of adults,Worse health / higher risk prevalence,Practice CESI,MLM-M2,0.007604585188535971,0.011442190635556942,2099.6158897058144,0.6646092020967121,0.5063734664303752,2116,38,0.5871255276062817,FALSE,1
CDC PLACES 2024,ARTHRITIS,Arthritis,Age-adjusted percentage of adults,Worse health / higher risk prevalence,Practice CESI,MLM-M2,-0.06371362398119271,0.011276821876717393,2090.0207162200404,-5.64996278896083,1.8242386261208834e-8,2116,38,0.7464004669372023,FALSE,6.56725905403518e-7
CDC PLACES 2024,BINGE,Binge Drinking,Age-adjusted percentage of adults,Worse health / higher risk prevalence,Practice CESI,MLM-M2,0.01310189258413734,0.009350879398293451,2082.690115625596,1.4011401522864741,0.1613211524376527,2116,38,0.8733185572355259,FALSE,1
CDC PLACES 2024,COPD,COPD,Age-adjusted percentage of adults,Worse health / higher risk prevalence,Practice CESI,MLM-M2,-0.0010698906287432994,0.012821979139024449,2107.294712315285,-0.08344192555165093,0.9335080782372226,2116,38,0.4941642728924949,FALSE,1
CDC PLACES 2024,CANCER,Cancer (non-skin) or Melanoma,Age-adjusted percentage of adults,Worse health / higher risk prevalence,Practice CESI,MLM-M2,-0.015613691084835029,0.009240587168243875,2096.1782401196388,-1.689686034075076,0.09123673710679085,2116,38,0.6540382287428441,FALSE,1
County Health Rankings & Roadmaps 2025,CHR_CHILD_MORTALITY,Child Mortality,"Deaths under age 20 per 100,000",Worse health / higher mortality,Practice CESI,MLM-M2,-0.11435513957638795,0.024151654453049013,1525.0929258646063,-4.734878092873312,2.395334115209624e-6,1548,38,0.20874184038872332,FALSE,8.144135991712722e-5
CDC PLACES 2024,COGNITION,Cognitive Disability,Age-adjusted percentage of adults,Worse health / higher risk prevalence,Practice CESI,MLM-M2,0.04722262432038502,0.01312789113614045,2107.7319865194145,3.597121870578544,3.291668213097806e-4,2116,38,0.4849802228980416,FALSE,0.009216670996673856
CDC PLACES 2024,CHD,Coronary Heart Disease,Age-adjusted percentage of adults,Worse health / higher risk prevalence,Practice CESI,MLM-M2,-0.0176849334514654,0.013054811606276686,2110.0704054909083,-1.3546678408566672,0.1756684336365115,2116,38,0.4517757409422229,FALSE,1
CDC PLACES 2024,CASTHMA,Current Asthma,Age-adjusted percentage of adults,Worse health / higher risk prevalence,Practice CESI,MLM-M2,-0.04235422933076783,0.01517420196211627,2089.7923570071575,-2.791199790045558,0.005299033665184379,2116,38,0.7563044261487899,FALSE,0.12187777429924071
CDC PLACES 2024,CSMOKING,Current Cigarette Smoking,Age-adjusted percentage of adults,Worse health / higher risk prevalence,Practice CESI,MLM-M2,0.008539575122588345,0.01468660033548408,2107.4946069787547,0.5814534968964875,0.5609970330694949,2116,38,0.4919954281051364,FALSE,1
CDC PLACES 2024,DEPRESSION,Depression,Age-adjusted percentage of adults,Worse health / higher risk prevalence,Practice CESI,MLM-M2,-0.006347091237068334,0.009937010036669412,2085.724516368499,-0.6387324973655444,0.5230670990034817,2116,38,0.8380412941184846,FALSE,1
CDC PLACES 2024,DIABETES,Diabetes,Age-adjusted percentage of adults,Worse health / higher risk prevalence,Practice CESI,MLM-M2,-0.037585650883283854,0.008690486472991851,2088.2033865868393,-4.3249190940106645,1.5977309215105293e-5,2116,38,0.7679975538459299,FALSE,5.112738948833694e-4
County Health Rankings & Roadmaps 2025,CHR_OVERDOSE_DEATHS,Drug Overdose Deaths,"Deaths per 100,000",Worse health / higher mortality,Practice CESI,MLM-M2,-0.12265694404889861,0.02813617415744918,1487.416776921154,-4.359403782565251,1.3937404724186884e-5,1489,38,0.3340102271906362,FALSE,4.5993435589816717e-4
County Health Rankings & Roadmaps 2025,CHR_FIREARM_FATALITIES,Firearm Fatalities,"Deaths per 100,000",Worse health / higher mortality,Practice CESI,MLM-M2,-0.18278765485569942,0.023115950988650567,1706.198534315687,-7.907425264288032,4.679557637262718e-15,1707,38,0.3991906357933744,FALSE,1.8250274785324599e-13
CDC PLACES 2024,MHLTH,Frequent Mental Distress,Age-adjusted percentage of adults,Worse health / higher risk prevalence,Practice CESI,MLM-M2,0.008610752031382559,0.013491651366278688,2100.3853790263533,0.6382281751590803,0.5233947360074828,2116,38,0.5909284187155289,FALSE,1
CDC PLACES 2024,PHLTH,Frequent Physical Distress,Age-adjusted percentage of adults,Worse health / higher risk prevalence,Practice CESI,MLM-M2,0.01879810254077869,0.012858083856253854,2110.33723595727,1.4619676423743153,0.1438989667509397,2116,38,0.4469102950540732,FALSE,1
CDC PLACES 2024,GHLTH,General Health,Age-adjusted percentage of adults,Worse health / higher risk prevalence,Practice CESI,MLM-M2,0.020118501549539966,0.011430183973916002,2112.0133356580723,1.7601205365942445,0.07853210865635624,2116,38,0.4214201823095722,FALSE,1
County Health Rankings & Roadmaps 2025,CHR_HIV_PREVALENCE,HIV Prevalence,"People living with diagnosed HIV per 100,000 age 13+",Higher infectious-disease burden,Practice CESI,MLM-M2,-0.23768870678425058,0.01980688700341127,1864.530649740416,-12.000306092689593,5.174884056308188e-32,1907,38,0.7933801274934065,FALSE,2.276948984775603e-30
CDC PLACES 2024,HEARING,Hearing Disability,Age-adjusted percentage of adults,Worse health / higher risk prevalence,Practice CESI,MLM-M2,0.029780606613793014,0.013285547625869146,2097.664481065133,2.241579154464455,0.02509276543346388,2116,38,0.6220071701889873,FALSE,0.4767625432358137
CDC PLACES 2024,BPHIGH,High Blood Pressure,Age-adjusted percentage of adults,Worse health / higher risk prevalence,Practice CESI,MLM-M2,-0.088242005414569,0.010281750375826333,2023.869867523893,-8.582391342823968,1.8197340483859872e-17,2052,37,0.8076832255410883,FALSE,7.460909598382548e-16
CDC PLACES 2024,HIGHCHOL,High Cholesterol,Age-adjusted percentage of adults,Worse health / higher risk prevalence,Practice CESI,MLM-M2,0.04199246115944106,0.014338117928442385,2027.7209461538541,2.9287289565488246,0.0034414832380715425,2052,37,0.7356216420061715,FALSE,0.08947856418986011
County Health Rankings & Roadmaps 2025,CHR_HOMICIDES,Homicide Mortality,"Deaths per 100,000",Worse health / higher mortality,Practice CESI,MLM-M2,-0.24243452517415467,0.025368383312972354,1062.8741159480676,-9.556561889782845,8.116565500650995e-21,1064,38,0.32164637629593307,FALSE,3.408957510273418e-19
CDC PLACES 2024,INDEPLIVE,Independent Living Disability,Age-adjusted percentage of adults,Worse health / higher risk prevalence,Practice CESI,MLM-M2,-0.0024615570813392757,0.013210006600240354,2114.5415865953155,-0.1863403369756445,0.8521957513092342,2116,38,0.27989503078742417,FALSE,1
County Health Rankings & Roadmaps 2025,CHR_INFANT_MORTALITY,Infant Mortality,"Deaths under age 1 per 1,000 live births",Worse health / higher mortality,Practice CESI,MLM-M2,-0.22630327271926923,0.028852833254764124,899.7555647908123,-7.843363967796905,1.239453801888991e-14,900,38,0.2979839164017964,FALSE,4.709924447178166e-13
County Health Rankings & Roadmaps 2025,CHR_INJURY_DEATHS,Injury Deaths,"Deaths per 100,000",Worse health / higher mortality,Practice CESI,MLM-M2,-0.1399368242374755,0.02231642761214087,2075.0794208767556,-6.270574604034979,4.363972263240457e-10,2087,38,0.23486346085349838,FALSE,1.614669737398969e-8
CDC PLACES 2024,EMOTIONSPT,Lack of Social/Emotional Support,Age-adjusted percentage of adults,Worse health / higher risk prevalence,Practice CESI,MLM-M2,-0.0058679890441811185,0.009949924247753953,2091.0371252509026,-0.5897521325859068,0.5554205554996265,2116,38,0.738961001823877,FALSE,1
County Health Rankings & Roadmaps 2025,CHR_LIFEEXP,Life Expectancy,Years,Better health / greater longevity,Practice CESI,MLM-M2,0.04411005358420905,0.017207812181609435,2055.8242144814017,2.5633737234388776,0.010436606611959467,2090,38,0.18124922694298987,FALSE,0.22960534546310826
County Health Rankings & Roadmaps 2025,CHR_LOW_BIRTH_WEIGHT,Low Birth Weight,Proportion of live births,Worse population health,Practice CESI,MLM-M2,-0.16088658951753204,0.01889040524115794,2081.2306433807885,-8.516841616875237,3.0932057715753215e-17,2084,38,0.41687327505980665,FALSE,1.2372823086301287e-15
CDC PLACES 2024,MOBILITY,Mobility Disability,Age-adjusted percentage of adults,Worse health / higher risk prevalence,Practice CESI,MLM-M2,-0.012349739365129142,0.011102725660553897,2106.556690962007,-1.1123159972335148,0.26612922795601623,2116,38,0.4998212979703575,FALSE,1
County Health Rankings & Roadmaps 2025,CHR_MVC_DEATHS,Motor Vehicle Crash Deaths,"Deaths per 100,000",Worse health / higher mortality,Practice CESI,MLM-M2,0.046658889294264407,0.0192146312901196,1889.594416346169,2.428300006894068,0.015262575011449182,1952,38,0.1468242491694658,FALSE,0.3052515002289836
CDC PLACES 2024,OBESITY,Obesity,Age-adjusted percentage of adults,Worse health / higher risk prevalence,Practice CESI,MLM-M2,-0.015508696447080942,0.016056265810299713,2093.912523444059,-0.9658968424110469,0.33420734360756155,2116,38,0.6702702735184188,FALSE,1
CDC PLACES 2024,LPA,Physical Inactivity,Age-adjusted percentage of adults,Worse health / higher risk prevalence,Practice CESI,MLM-M2,0.04270270115602983,0.01232098952594893,2100.881598432856,3.465849968145394,5.391742371451242e-4,2116,38,0.5678248465900795,FALSE,0.014557704402918353
County Health Rankings & Roadmaps 2025,CHR_PREMATURE_AAM,Premature Age-Adjusted Mortality,"Deaths per 100,000 (age-adjusted)",Worse health / higher mortality,Practice CESI,MLM-M2,-0.06226690068261901,0.01695904296397419,2063.185524710073,-3.671604630927084,2.471604604114039e-4,2096,38,0.18252911202324898,FALSE,0.007167653351930713
County Health Rankings & Roadmaps 2025,CHR_PREMATURE_DEATH,Premature Death,"Years of potential life lost before age 75 per 100,000 (age-adjusted)",Worse health / higher mortality burden,Practice CESI,MLM-M2,-0.04759373126131617,0.01870564154033103,2061.2267439792868,-2.544351721842838,0.011020469518817511,2096,38,0.17896986491032188,FALSE,0.23142985989516773
CDC PLACES 2024,SELFCARE,Self-care Disability,Age-adjusted percentage of adults,Worse health / higher risk prevalence,Practice CESI,MLM-M2,-0.05013070152051081,0.01243718455383546,2092.489915523534,-4.0307113964189885,5.7598339870706794e-5,2116,38,0.19507662843782211,FALSE,0.0017855485359919107
County Health Rankings & Roadmaps 2025,CHR_STI,Sexually Transmitted Infections,"Diagnosed cases per 100,000",Higher infectious-disease burden,Practice CESI,MLM-M2,-0.17713175428650058,0.017437613736299228,2082.9530264995274,-10.158027179932999,1.0772899420107409e-23,2083,38,0.34837867730574607,FALSE,4.632346750646186e-22
CDC PLACES 2024,SLEEP,Short Sleep Duration,Age-adjusted percentage of adults,Worse health / higher risk prevalence,Practice CESI,MLM-M2,-0.05719219994460621,0.015226131234805644,2102.007815343569,-3.75618724563924,1.7721481149734347e-4,2116,38,0.56242036783477,FALSE,0.005316444344920304
CDC PLACES 2024,ISOLATION,Social Isolation,Age-adjusted percentage of adults,Worse health / higher risk prevalence,Practice CESI,MLM-M2,-0.031164018217344887,0.01526489922111567,2093.2044417147113,-2.0415475900578657,0.04132157308999583,2116,38,0.6986294682545695,FALSE,0.743788315619925
CDC PLACES 2024,STROKE,Stroke,Age-adjusted percentage of adults,Worse health / higher risk prevalence,Practice CESI,MLM-M2,-0.07118112515912327,0.013607264344627402,2114.792163961486,-5.231112099856275,1.8511887064251397e-7,2116,38,0.2829856521760226,FALSE,6.479160472487989e-6
County Health Rankings & Roadmaps 2025,CHR_SUICIDES,Suicide Mortality,"Deaths per 100,000 (age-adjusted)",Worse health / higher mortality,Practice CESI,MLM-M2,-0.07020313579880759,0.0243911050720995,1804.4943730967314,-2.8782269434406054,0.004046246856148054,1805,38,0.38778855545031066,FALSE,0.10115617140370135
County Health Rankings & Roadmaps 2025,CHR_TEEN_BIRTHS,Teen Births,"Births per 1,000 females ages 15-19",Higher reproductive-health risk,Practice CESI,MLM-M2,0.04989273168164661,0.01753632974180234,1871.9254409450336,2.845106839130339,0.0044879480508707515,2050,38,0.09552141271319632,FALSE,0.10771075322089804
CDC PLACES 2024,VISION,Vision Disability,Age-adjusted percentage of adults,Worse health / higher risk prevalence,Practice CESI,MLM-M2,7.480742811540288e-4,0.0110944244430146,2090.5842706963867,0.06742794860575575,0.9462474678072001,2116,38,0.1930557717869133,FALSE,1
