outcome_id,cesi_measure,r,p,n,p_holm,source,outcome,native_unit,higher_value_interpretation
COGNITION,practice_cesi,0.2504905749166976,1.454806581682801e-45,3100,4.073458428711842e-44,CDC PLACES 2024,Cognitive Disability,Age-adjusted percentage of adults,Worse health / higher risk prevalence
COGNITION,meaning_cesi,0.45487232400890243,2.8368694765021654e-104,2031,5.673738953004331e-103,CDC PLACES 2024,Cognitive Disability,Age-adjusted percentage of adults,Worse health / higher risk prevalence
DISABILITY,practice_cesi,0.28241394302134015,6.1435536273488045e-58,3100,1.9659371607516174e-56,CDC PLACES 2024,Any Disability,Age-adjusted percentage of adults,Worse health / higher risk prevalence
DISABILITY,meaning_cesi,0.5041897589758046,2.0706639464541794e-131,2031,4.613981900548614e-130,CDC PLACES 2024,Any Disability,Age-adjusted percentage of adults,Worse health / higher risk prevalence
HEARING,practice_cesi,0.07940779164242659,9.579810665399798e-6,3100,9.579810665399798e-5,CDC PLACES 2024,Hearing Disability,Age-adjusted percentage of adults,Worse health / higher risk prevalence
HEARING,meaning_cesi,0.2484851711630525,5.8796414968648784e-30,2031,4.115749047805415e-29,CDC PLACES 2024,Hearing Disability,Age-adjusted percentage of adults,Worse health / higher risk prevalence
INDEPLIVE,practice_cesi,0.2634826638829626,2.1429234987059606e-50,3100,6.428770496117882e-49,CDC PLACES 2024,Independent Living Disability,Age-adjusted percentage of adults,Worse health / higher risk prevalence
INDEPLIVE,meaning_cesi,0.5499131001680151,6.973248972471794e-161,2031,2.231439671190974e-159,CDC PLACES 2024,Independent Living Disability,Age-adjusted percentage of adults,Worse health / higher risk prevalence
MOBILITY,practice_cesi,0.31291189759219223,2.181885815030857e-71,3100,8.072977515614171e-70,CDC PLACES 2024,Mobility Disability,Age-adjusted percentage of adults,Worse health / higher risk prevalence
MOBILITY,meaning_cesi,0.5720816183578908,6.760887464019875e-177,2031,2.433919487047155e-175,CDC PLACES 2024,Mobility Disability,Age-adjusted percentage of adults,Worse health / higher risk prevalence
SELFCARE,practice_cesi,0.2701500214547123,5.536932370078679e-53,3100,1.7164490347243906e-51,CDC PLACES 2024,Self-care Disability,Age-adjusted percentage of adults,Worse health / higher risk prevalence
SELFCARE,meaning_cesi,0.595672590229759,2.4554697850184467e-195,2031,9.576332161571943e-194,CDC PLACES 2024,Self-care Disability,Age-adjusted percentage of adults,Worse health / higher risk prevalence
VISION,practice_cesi,0.34165155470601394,1.3296523018188492e-85,3100,5.318609207275397e-84,CDC PLACES 2024,Vision Disability,Age-adjusted percentage of adults,Worse health / higher risk prevalence
VISION,meaning_cesi,0.5414047203835028,4.742364919679506e-155,2031,1.4227094759038516e-153,CDC PLACES 2024,Vision Disability,Age-adjusted percentage of adults,Worse health / higher risk prevalence
ARTHRITIS,practice_cesi,0.05454469715971736,0.0023818792560633584,3100,0.011477871624107358,CDC PLACES 2024,Arthritis,Age-adjusted percentage of adults,Worse health / higher risk prevalence
ARTHRITIS,meaning_cesi,0.41977460451758886,1.6584648285141109e-87,2031,1.990157794216933e-86,CDC PLACES 2024,Arthritis,Age-adjusted percentage of adults,Worse health / higher risk prevalence
BPHIGH,practice_cesi,0.2887266836754664,2.5652421195105665e-59,3033,8.46529899438487e-58,CDC PLACES 2024,High Blood Pressure,Age-adjusted percentage of adults,Worse health / higher risk prevalence
BPHIGH,meaning_cesi,0.6964670885830913,4.1789761937274984e-287,1978,1.8387495252400994e-285,CDC PLACES 2024,High Blood Pressure,Age-adjusted percentage of adults,Worse health / higher risk prevalence
CANCER,practice_cesi,-0.34435903500391263,5.060932487972821e-87,3100,2.0749823200688567e-85,CDC PLACES 2024,Cancer (non-skin) or Melanoma,Age-adjusted percentage of adults,Worse health / higher risk prevalence
CANCER,meaning_cesi,-0.4404247362015155,3.9321526995286715e-97,2031,6.684659589198742e-96,CDC PLACES 2024,Cancer (non-skin) or Melanoma,Age-adjusted percentage of adults,Worse health / higher risk prevalence
CASTHMA,practice_cesi,-0.06008087185356404,8.173960872720223e-4,3100,0.0049043765236321335,CDC PLACES 2024,Current Asthma,Age-adjusted percentage of adults,Worse health / higher risk prevalence
CASTHMA,meaning_cesi,0.18916499058516112,8.146311560870336e-18,2031,4.073155780435168e-17,CDC PLACES 2024,Current Asthma,Age-adjusted percentage of adults,Worse health / higher risk prevalence
CHD,practice_cesi,0.18287674781633245,1.0161763233874023e-24,3100,2.0323526467748046e-23,CDC PLACES 2024,Coronary Heart Disease,Age-adjusted percentage of adults,Worse health / higher risk prevalence
CHD,meaning_cesi,0.4206156021971013,6.929085730882326e-88,2031,9.007811450147024e-87,CDC PLACES 2024,Coronary Heart Disease,Age-adjusted percentage of adults,Worse health / higher risk prevalence
COPD,practice_cesi,0.13183322435257222,1.7141350441856068e-13,3100,2.5712025662784104e-12,CDC PLACES 2024,COPD,Age-adjusted percentage of adults,Worse health / higher risk prevalence
COPD,meaning_cesi,0.42155476162366834,2.6069170002789364e-88,2031,3.649683800390511e-87,CDC PLACES 2024,COPD,Age-adjusted percentage of adults,Worse health / higher risk prevalence
DEPRESSION,practice_cesi,0.025888900649092522,0.14955836143821288,3100,0.44867508431463865,CDC PLACES 2024,Depression,Age-adjusted percentage of adults,Worse health / higher risk prevalence
DEPRESSION,meaning_cesi,-0.00938330420270499,0.6725705272608702,2031,1,CDC PLACES 2024,Depression,Age-adjusted percentage of adults,Worse health / higher risk prevalence
DIABETES,practice_cesi,0.40321369879646096,1.5427410691272907e-121,3100,6.788060704160079e-120,CDC PLACES 2024,Diabetes,Age-adjusted percentage of adults,Worse health / higher risk prevalence
DIABETES,meaning_cesi,0.5981132567667781,2.4781449240221002e-197,2031,9.9125796960884e-196,CDC PLACES 2024,Diabetes,Age-adjusted percentage of adults,Worse health / higher risk prevalence
HIGHCHOL,practice_cesi,0.3823210671614723,3.7298059249458827e-106,3033,1.5665184884772708e-104,CDC PLACES 2024,High Cholesterol,Age-adjusted percentage of adults,Worse health / higher risk prevalence
HIGHCHOL,meaning_cesi,0.3799247894600268,6.098044193927191e-69,1978,6.70784861331991e-68,CDC PLACES 2024,High Cholesterol,Age-adjusted percentage of adults,Worse health / higher risk prevalence
OBESITY,practice_cesi,0.17929066305263908,8.29352728860074e-24,3100,1.4928349119481332e-22,CDC PLACES 2024,Obesity,Age-adjusted percentage of adults,Worse health / higher risk prevalence
OBESITY,meaning_cesi,0.5200352986070387,4.0646476769069143e-141,2031,1.0161619192267286e-139,CDC PLACES 2024,Obesity,Age-adjusted percentage of adults,Worse health / higher risk prevalence
STROKE,practice_cesi,0.2323599710224998,2.8147600306714225e-39,3100,7.036900076678556e-38,CDC PLACES 2024,Stroke,Age-adjusted percentage of adults,Worse health / higher risk prevalence
STROKE,meaning_cesi,0.6463485155244189,1.344786600413968e-240,2031,5.782582381780062e-239,CDC PLACES 2024,Stroke,Age-adjusted percentage of adults,Worse health / higher risk prevalence
TEETHLOST,practice_cesi,0.18845447870651402,3.556845593966783e-26,3100,7.825060306726922e-25,CDC PLACES 2024,All Teeth Lost,Age-adjusted percentage of adults,Worse health / higher risk prevalence
TEETHLOST,meaning_cesi,0.5076968461480957,1.6277892703279852e-133,2031,3.906694248787165e-132,CDC PLACES 2024,All Teeth Lost,Age-adjusted percentage of adults,Worse health / higher risk prevalence
BINGE,practice_cesi,-0.3836012901557072,3.1149878785406198e-109,3100,1.3394447877724665e-107,CDC PLACES 2024,Binge Drinking,Age-adjusted percentage of adults,Worse health / higher risk prevalence
BINGE,meaning_cesi,-0.4494134528653137,1.5556133453583883e-101,2031,2.9556653561809376e-100,CDC PLACES 2024,Binge Drinking,Age-adjusted percentage of adults,Worse health / higher risk prevalence
CSMOKING,practice_cesi,0.05474377414958716,0.0022955743248214717,3100,0.011477871624107358,CDC PLACES 2024,Current Cigarette Smoking,Age-adjusted percentage of adults,Worse health / higher risk prevalence
CSMOKING,meaning_cesi,0.42318642040730653,4.734965657715161e-89,2031,7.102448486572741e-88,CDC PLACES 2024,Current Cigarette Smoking,Age-adjusted percentage of adults,Worse health / higher risk prevalence
LPA,practice_cesi,0.29432975395133587,5.344009528537843e-63,3100,1.8704033349882453e-61,CDC PLACES 2024,Physical Inactivity,Age-adjusted percentage of adults,Worse health / higher risk prevalence
LPA,meaning_cesi,0.5590391188551973,2.4982622464646656e-167,2031,8.494091637979863e-166,CDC PLACES 2024,Physical Inactivity,Age-adjusted percentage of adults,Worse health / higher risk prevalence
SLEEP,practice_cesi,0.31370171743176084,9.301804325379037e-72,3100,3.534685643644034e-70,CDC PLACES 2024,Short Sleep Duration,Age-adjusted percentage of adults,Worse health / higher risk prevalence
SLEEP,meaning_cesi,0.47477240597800263,1.0842210640754856e-114,2031,2.2768642345585198e-113,CDC PLACES 2024,Short Sleep Duration,Age-adjusted percentage of adults,Worse health / higher risk prevalence
GHLTH,practice_cesi,0.32741464236104006,2.2807213563062795e-78,3100,8.89481328959449e-77,CDC PLACES 2024,General Health,Age-adjusted percentage of adults,Worse health / higher risk prevalence
GHLTH,meaning_cesi,0.5287831679133503,1.061263900961349e-146,2031,2.7592861424995075e-145,CDC PLACES 2024,General Health,Age-adjusted percentage of adults,Worse health / higher risk prevalence
MHLTH,practice_cesi,0.14638611122911976,2.5840243168319254e-16,3100,4.1344389069310806e-15,CDC PLACES 2024,Frequent Mental Distress,Age-adjusted percentage of adults,Worse health / higher risk prevalence
MHLTH,meaning_cesi,0.3549986630869006,2.2272672064811556e-61,2031,2.2272672064811556e-60,CDC PLACES 2024,Frequent Mental Distress,Age-adjusted percentage of adults,Worse health / higher risk prevalence
PHLTH,practice_cesi,0.24276380877017179,8.059148649998798e-43,3100,2.1759701354996754e-41,CDC PLACES 2024,Frequent Physical Distress,Age-adjusted percentage of adults,Worse health / higher risk prevalence
PHLTH,meaning_cesi,0.4384260723024694,3.5950749158696885e-96,2031,5.7521198653915017e-95,CDC PLACES 2024,Frequent Physical Distress,Age-adjusted percentage of adults,Worse health / higher risk prevalence
EMOTIONSPT,practice_cesi,0.34938236015081675,3.8543608525077627e-69,2375,1.3875699069027946e-67,CDC PLACES 2024,Lack of Social/Emotional Support,Age-adjusted percentage of adults,Worse health / higher risk prevalence
EMOTIONSPT,meaning_cesi,0.4982702967583031,4.200003360951242e-99,1567,7.560006049712235e-98,CDC PLACES 2024,Lack of Social/Emotional Support,Age-adjusted percentage of adults,Worse health / higher risk prevalence
ISOLATION,practice_cesi,0.14884291601358182,3.0873281926411875e-13,2375,4.322259469697662e-12,CDC PLACES 2024,Social Isolation,Age-adjusted percentage of adults,Worse health / higher risk prevalence
ISOLATION,meaning_cesi,0.2352108632149299,3.86675966602131e-21,1567,2.3200557996127864e-20,CDC PLACES 2024,Social Isolation,Age-adjusted percentage of adults,Worse health / higher risk prevalence
CHR_ALCOHOL_DRIVING_DEATHS,practice_cesi,-0.09059657325429518,4.6875817410432367e-7,3083,5.15633991514756e-6,County Health Rankings & Roadmaps 2025,Alcohol-Impaired Driving Deaths,Proportion of driving deaths involving alcohol impairment,Worse health / greater alcohol-related mortality burden
CHR_ALCOHOL_DRIVING_DEATHS,meaning_cesi,-0.066761218876489975,0.0025726975804541362,2037,0.010290790321816545,County Health Rankings & Roadmaps 2025,Alcohol-Impaired Driving Deaths,Proportion of driving deaths involving alcohol impairment,Worse health / greater alcohol-related mortality burden
CHR_CHILD_MORTALITY,practice_cesi,0.09629133640051393,1.3275099970781555e-5,2039,1.19475899737034e-4,County Health Rankings & Roadmaps 2025,Child Mortality,"Deaths under age 20 per 100,000",Worse health / higher mortality
CHR_CHILD_MORTALITY,meaning_cesi,0.63685465550452,1.048677282465102e-206,1812,4.299576858106918e-205,County Health Rankings & Roadmaps 2025,Child Mortality,"Deaths under age 20 per 100,000",Worse health / higher mortality
CHR_FIREARM_FATALITIES,practice_cesi,-0.025319428332111607,0.22664463907303192,2282,0.45328927814606385,County Health Rankings & Roadmaps 2025,Firearm Fatalities,"Deaths per 100,000",Worse health / higher mortality
CHR_FIREARM_FATALITIES,meaning_cesi,0.5461808078078954,4.681054605539371e-147,1885,1.3106952895510239e-145,County Health Rankings & Roadmaps 2025,Firearm Fatalities,"Deaths per 100,000",Worse health / higher mortality
CHR_HOMICIDES,practice_cesi,0.1019659129113646,1.2604617951718575e-4,1409,8.823232566203003e-4,County Health Rankings & Roadmaps 2025,Homicide Mortality,"Deaths per 100,000",Worse health / higher mortality
CHR_HOMICIDES,meaning_cesi,0.6397505572482369,5.380618492383883e-154,1330,1.5603793627913261e-152,County Health Rankings & Roadmaps 2025,Homicide Mortality,"Deaths per 100,000",Worse health / higher mortality
CHR_INFANT_MORTALITY,practice_cesi,0.004265313714126154,0.8843725824320418,1165,0.8843725824320418,County Health Rankings & Roadmaps 2025,Infant Mortality,"Deaths under age 1 per 1,000 live births",Worse health / higher mortality
CHR_INFANT_MORTALITY,meaning_cesi,0.6333602954149103,2.0060790871950496e-131,1163,4.613981900548614e-130,County Health Rankings & Roadmaps 2025,Infant Mortality,"Deaths under age 1 per 1,000 live births",Worse health / higher mortality
CHR_INJURY_DEATHS,practice_cesi,-0.11279871352359702,5.371941736010752e-10,3012,6.446330083212903e-9,County Health Rankings & Roadmaps 2025,Injury Deaths,"Deaths per 100,000",Worse health / higher mortality
CHR_INJURY_DEATHS,meaning_cesi,0.2859492019210292,1.1383968957889801e-39,2039,9.107175166311841e-39,County Health Rankings & Roadmaps 2025,Injury Deaths,"Deaths per 100,000",Worse health / higher mortality
CHR_LIFEEXP,practice_cesi,-0.23707774685017613,4.7039833778185005e-40,3036,1.2230356782328101e-38,County Health Rankings & Roadmaps 2025,Life Expectancy,Years,Better health / greater longevity
CHR_LIFEEXP,meaning_cesi,-0.5580549062089247,2.840630625631041e-167,2039,9.374081064582435e-166,County Health Rankings & Roadmaps 2025,Life Expectancy,Years,Better health / greater longevity
CHR_MVC_DEATHS,practice_cesi,0.12368436449825229,1.2704116387170026e-10,2685,1.6515351303321034e-9,County Health Rankings & Roadmaps 2025,Motor Vehicle Crash Deaths,"Deaths per 100,000",Worse health / higher mortality
CHR_MVC_DEATHS,meaning_cesi,0.5885646180038906,2.1999956707509805e-186,1996,8.359983548853726e-185,County Health Rankings & Roadmaps 2025,Motor Vehicle Crash Deaths,"Deaths per 100,000",Worse health / higher mortality
CHR_OVERDOSE_DEATHS,practice_cesi,-0.08681855643799301,1.0455703399389464e-4,1992,8.364562719511571e-4,County Health Rankings & Roadmaps 2025,Drug Overdose Deaths,"Deaths per 100,000",Worse health / higher mortality
CHR_OVERDOSE_DEATHS,meaning_cesi,0.0362638980322262,0.13017751432570213,1743,0.3905325429771064,County Health Rankings & Roadmaps 2025,Drug Overdose Deaths,"Deaths per 100,000",Worse health / higher mortality
CHR_PREMATURE_AAM,practice_cesi,0.22508087849128172,2.2943832964777003e-36,3053,5.50651991154648e-35,County Health Rankings & Roadmaps 2025,Premature Age-Adjusted Mortality,"Deaths per 100,000 (age-adjusted)",Worse health / higher mortality
CHR_PREMATURE_AAM,meaning_cesi,0.574079307794883,4.274748902901651e-179,2039,1.5816570940736107e-177,County Health Rankings & Roadmaps 2025,Premature Age-Adjusted Mortality,"Deaths per 100,000 (age-adjusted)",Worse health / higher mortality
CHR_PREMATURE_DEATH,practice_cesi,0.19296459200820718,5.377504482275059e-27,3053,1.2368260309232636e-25,County Health Rankings & Roadmaps 2025,Premature Death,"Years of potential life lost before age 75 per 100,000 (age-adjusted)",Worse health / higher mortality burden
CHR_PREMATURE_DEATH,meaning_cesi,0.5656549715880045,8.45524783960691e-173,2039,2.9593367438624185e-171,County Health Rankings & Roadmaps 2025,Premature Death,"Years of potential life lost before age 75 per 100,000 (age-adjusted)",Worse health / higher mortality burden
CHR_SUICIDES,practice_cesi,-0.20374664847712892,3.960611159498741e-24,2424,7.525161203047608e-23,County Health Rankings & Roadmaps 2025,Suicide Mortality,"Deaths per 100,000 (age-adjusted)",Worse health / higher mortality
CHR_SUICIDES,meaning_cesi,-0.0032004579778768774,0.8872815174801945,1964,1,County Health Rankings & Roadmaps 2025,Suicide Mortality,"Deaths per 100,000 (age-adjusted)",Worse health / higher mortality
CHR_HIV_PREVALENCE,practice_cesi,0.1995264000589175,2.100227568339965e-25,2673,4.410477893513927e-24,County Health Rankings & Roadmaps 2025,HIV Prevalence,"People living with diagnosed HIV per 100,000 age 13+",Higher infectious-disease burden
CHR_HIV_PREVALENCE,meaning_cesi,0.3455925629769282,2.4436648268828632e-56,1969,2.199298344194577e-55,County Health Rankings & Roadmaps 2025,HIV Prevalence,"People living with diagnosed HIV per 100,000 age 13+",Higher infectious-disease burden
CHR_LOW_BIRTH_WEIGHT,practice_cesi,0.15260631340395575,3.6827260818362983e-17,3013,6.260634339121707e-16,County Health Rankings & Roadmaps 2025,Low Birth Weight,Proportion of live births,Worse population health
CHR_LOW_BIRTH_WEIGHT,meaning_cesi,0.6235792022026941,4.39518272078742e-220,2039,1.8459767427307164e-218,County Health Rankings & Roadmaps 2025,Low Birth Weight,Proportion of live births,Worse population health
CHR_STI,practice_cesi,0.29316478670859275,1.9492998539034954e-60,2995,6.627619503271885e-59,County Health Rankings & Roadmaps 2025,Sexually Transmitted Infections,"Diagnosed cases per 100,000",Higher infectious-disease burden
CHR_STI,meaning_cesi,0.5291420114087452,7.32358713028264e-147,2030,1.977368525176313e-145,County Health Rankings & Roadmaps 2025,Sexually Transmitted Infections,"Diagnosed cases per 100,000",Higher infectious-disease burden
CHR_TEEN_BIRTHS,practice_cesi,0.2712801631786921,7.911255458882823e-50,2884,2.2942640830760188e-48,County Health Rankings & Roadmaps 2025,Teen Births,"Births per 1,000 females ages 15-19",Higher reproductive-health risk
CHR_TEEN_BIRTHS,meaning_cesi,0.5494484080201503,7.140930748792166e-161,2035,2.231439671190974e-159,County Health Rankings & Roadmaps 2025,Teen Births,"Births per 1,000 females ages 15-19",Higher reproductive-health risk
