outcome_id,cesi_measure,beta,standard_error,p,n,n_states,p_holm,source,outcome,native_unit,higher_value_interpretation
COGNITION,practice_cesi,0.09795385748313942,0.01179900704019046,1.8083245083464834e-16,2116,38,7.775795385889879e-15,CDC PLACES 2024,Cognitive Disability,Age-adjusted percentage of adults,Worse health / higher risk prevalence
COGNITION,meaning_cesi,-0.06799755206873649,0.014544454838955142,3.195336815679531e-6,1540,39,7.668808357630874e-5,CDC PLACES 2024,Cognitive Disability,Age-adjusted percentage of adults,Worse health / higher risk prevalence
DISABILITY,practice_cesi,0.05757961214546831,0.009871241618543063,6.288086691051352e-9,2116,38,2.200830341867973e-7,CDC PLACES 2024,Any Disability,Age-adjusted percentage of adults,Worse health / higher risk prevalence
DISABILITY,meaning_cesi,-0.04161686023089223,0.012048215067170576,5.670957029261631e-4,1540,39,0.010207722652670937,CDC PLACES 2024,Any Disability,Age-adjusted percentage of adults,Worse health / higher risk prevalence
HEARING,practice_cesi,0.07707886274374881,0.012281860747428902,4.214245580290304e-10,2116,38,1.5171284089045095e-8,CDC PLACES 2024,Hearing Disability,Age-adjusted percentage of adults,Worse health / higher risk prevalence
HEARING,meaning_cesi,-0.1805085805491993,0.014400100553938448,2.2591212296144957e-34,1540,39,9.940133410303781e-33,CDC PLACES 2024,Hearing Disability,Age-adjusted percentage of adults,Worse health / higher risk prevalence
INDEPLIVE,practice_cesi,0.060280058762545975,0.011003880663097973,4.8133166510129105e-8,2116,38,1.5883944948342604e-6,CDC PLACES 2024,Independent Living Disability,Age-adjusted percentage of adults,Worse health / higher risk prevalence
INDEPLIVE,meaning_cesi,-0.028069245479680673,0.013420980879442115,0.036652840468246274,1540,39,0.3298755642142165,CDC PLACES 2024,Independent Living Disability,Age-adjusted percentage of adults,Worse health / higher risk prevalence
MOBILITY,practice_cesi,0.03957402405545854,0.00926345333090192,2.023052324661979e-5,2116,38,4.8553255791887494e-4,CDC PLACES 2024,Mobility Disability,Age-adjusted percentage of adults,Worse health / higher risk prevalence
MOBILITY,meaning_cesi,-0.02808329426304639,0.011376568011628571,0.01367609184749598,1540,39,0.17778919401744772,CDC PLACES 2024,Mobility Disability,Age-adjusted percentage of adults,Worse health / higher risk prevalence
SELFCARE,practice_cesi,0.010226569194785868,0.0099958937604299,0.30639978162414316,2116,38,1,CDC PLACES 2024,Self-care Disability,Age-adjusted percentage of adults,Worse health / higher risk prevalence
SELFCARE,meaning_cesi,-0.03662653679355405,0.011964088455368536,0.0022463164138033305,1540,39,0.03818737903465662,CDC PLACES 2024,Self-care Disability,Age-adjusted percentage of adults,Worse health / higher risk prevalence
VISION,practice_cesi,0.045340009461895384,0.009672409423285266,2.9455394851001117e-6,2116,38,7.952956609770302e-5,CDC PLACES 2024,Vision Disability,Age-adjusted percentage of adults,Worse health / higher risk prevalence
VISION,meaning_cesi,-0.1012637457835392,0.011662076280049572,9.82609035583118e-18,1540,39,3.83217523877416e-16,CDC PLACES 2024,Vision Disability,Age-adjusted percentage of adults,Worse health / higher risk prevalence
ARTHRITIS,practice_cesi,-0.01053093548616492,0.009516010022616662,0.2685708013236518,2116,38,1,CDC PLACES 2024,Arthritis,Age-adjusted percentage of adults,Worse health / higher risk prevalence
ARTHRITIS,meaning_cesi,0.06087377747013026,0.011706101372609544,2.2631118279560144e-7,1540,39,6.110401935481239e-6,CDC PLACES 2024,Arthritis,Age-adjusted percentage of adults,Worse health / higher risk prevalence
BPHIGH,practice_cesi,-0.04452041241893579,0.008945883943241152,7.01731767234501e-7,2052,37,2.105195301703503e-5,CDC PLACES 2024,High Blood Pressure,Age-adjusted percentage of adults,Worse health / higher risk prevalence
BPHIGH,meaning_cesi,0.12164422776854933,0.010708886650637269,1.0337956906811489e-28,1487,38,4.4453214699289405e-27,CDC PLACES 2024,High Blood Pressure,Age-adjusted percentage of adults,Worse health / higher risk prevalence
CANCER,practice_cesi,-0.012685488617887864,0.009342439096192437,0.17466230522734194,2116,38,1,CDC PLACES 2024,Cancer (non-skin) or Melanoma,Age-adjusted percentage of adults,Worse health / higher risk prevalence
CANCER,meaning_cesi,-0.023164360102826666,0.010398274203227288,0.02604590396371762,1540,39,0.2604590396371762,CDC PLACES 2024,Cancer (non-skin) or Melanoma,Age-adjusted percentage of adults,Worse health / higher risk prevalence
CASTHMA,practice_cesi,0.019677768920001962,0.013431960610814638,0.1430725270021677,2116,38,1,CDC PLACES 2024,Current Asthma,Age-adjusted percentage of adults,Worse health / higher risk prevalence
CASTHMA,meaning_cesi,0.11125016075403144,0.016105233822160402,7.231952900919892e-12,1540,39,2.3865444573035643e-10,CDC PLACES 2024,Current Asthma,Age-adjusted percentage of adults,Worse health / higher risk prevalence
CHD,practice_cesi,0.03788208223399321,0.011445398220114627,9.493182933626261e-4,2116,38,0.01993568416061515,CDC PLACES 2024,Coronary Heart Disease,Age-adjusted percentage of adults,Worse health / higher risk prevalence
CHD,meaning_cesi,-0.09639751105598732,0.013785044856344528,4.0073900345802556e-12,1540,39,1.362512611757287e-10,CDC PLACES 2024,Coronary Heart Disease,Age-adjusted percentage of adults,Worse health / higher risk prevalence
COPD,practice_cesi,0.05318685957268897,0.01120667168787653,2.2141344394329247e-6,2116,38,6.420989874355482e-5,CDC PLACES 2024,COPD,Age-adjusted percentage of adults,Worse health / higher risk prevalence
COPD,meaning_cesi,0.015023819567281192,0.014087968477635946,0.28639768172026503,1540,39,1,CDC PLACES 2024,COPD,Age-adjusted percentage of adults,Worse health / higher risk prevalence
DEPRESSION,practice_cesi,0.0251415513044503,0.009353629262516013,0.007247636489538537,2116,38,0.12320982032215513,CDC PLACES 2024,Depression,Age-adjusted percentage of adults,Worse health / higher risk prevalence
DEPRESSION,meaning_cesi,-0.04598278265140665,0.011471789559174144,6.413311358042548e-5,1540,39,0.001218529158028084,CDC PLACES 2024,Depression,Age-adjusted percentage of adults,Worse health / higher risk prevalence
DIABETES,practice_cesi,0.0011154725617447089,0.007403165528102898,0.8802465961762658,2116,38,1,CDC PLACES 2024,Diabetes,Age-adjusted percentage of adults,Worse health / higher risk prevalence
DIABETES,meaning_cesi,-0.037336431205788057,0.009082092609221281,4.151579361067879e-5,1540,39,8.718316658242547e-4,CDC PLACES 2024,Diabetes,Age-adjusted percentage of adults,Worse health / higher risk prevalence
HIGHCHOL,practice_cesi,0.056260050255349824,0.01445774436074764,1.0291014271263002e-4,2052,37,0.0023669332823904902,CDC PLACES 2024,High Cholesterol,Age-adjusted percentage of adults,Worse health / higher risk prevalence
HIGHCHOL,meaning_cesi,-0.05234967102709544,0.019764279631131372,0.008167111407761754,1487,38,0.12250667111642631,CDC PLACES 2024,High Cholesterol,Age-adjusted percentage of adults,Worse health / higher risk prevalence
OBESITY,practice_cesi,0.03319977771885005,0.014983685397188645,0.02681726924581702,2116,38,0.4022590386872553,CDC PLACES 2024,Obesity,Age-adjusted percentage of adults,Worse health / higher risk prevalence
OBESITY,meaning_cesi,0.0832649904159853,0.018172031190206727,4.980373411607472e-6,1540,39,1.1454858846697185e-4,CDC PLACES 2024,Obesity,Age-adjusted percentage of adults,Worse health / higher risk prevalence
STROKE,practice_cesi,-0.006335448292833535,0.01116925825409754,0.5706236509817126,2116,38,1,CDC PLACES 2024,Stroke,Age-adjusted percentage of adults,Worse health / higher risk prevalence
STROKE,meaning_cesi,0.05483230921932617,0.013444453120823971,4.7687111709296414e-5,1540,39,9.537422341859283e-4,CDC PLACES 2024,Stroke,Age-adjusted percentage of adults,Worse health / higher risk prevalence
TEETHLOST,practice_cesi,0.024533788347206074,0.01625619754583816,0.13139896825779132,2116,38,1,CDC PLACES 2024,All Teeth Lost,Age-adjusted percentage of adults,Worse health / higher risk prevalence
TEETHLOST,meaning_cesi,0.028901479897481555,0.019902809907885323,0.14667225799537306,1540,39,0.8800335479722383,CDC PLACES 2024,All Teeth Lost,Age-adjusted percentage of adults,Worse health / higher risk prevalence
BINGE,practice_cesi,-0.008884894256546651,0.009076833750652326,0.3277658800924229,2116,38,1,CDC PLACES 2024,Binge Drinking,Age-adjusted percentage of adults,Worse health / higher risk prevalence
BINGE,meaning_cesi,-0.032249538736784954,0.01228100611540189,0.00872781570801627,1540,39,0.12250667111642631,CDC PLACES 2024,Binge Drinking,Age-adjusted percentage of adults,Worse health / higher risk prevalence
CSMOKING,practice_cesi,0.06731668056730492,0.013145704396010096,3.318797380027735e-7,2116,38,1.0288271878085978e-5,CDC PLACES 2024,Current Cigarette Smoking,Age-adjusted percentage of adults,Worse health / higher risk prevalence
CSMOKING,meaning_cesi,0.03203452318082645,0.016042638284200824,0.04601958738250547,1540,39,0.3681566990600438,CDC PLACES 2024,Current Cigarette Smoking,Age-adjusted percentage of adults,Worse health / higher risk prevalence
LPA,practice_cesi,0.08849833427871147,0.010974721128809536,1.2292494956586453e-15,2116,38,5.16284788176631e-14,CDC PLACES 2024,Physical Inactivity,Age-adjusted percentage of adults,Worse health / higher risk prevalence
LPA,meaning_cesi,-0.032560745261977934,0.013430733988376397,0.015451600686784105,1540,39,0.17778919401744772,CDC PLACES 2024,Physical Inactivity,Age-adjusted percentage of adults,Worse health / higher risk prevalence
SLEEP,practice_cesi,-0.016504204278298375,0.01466988386928833,0.2607007130162156,2116,38,1,CDC PLACES 2024,Short Sleep Duration,Age-adjusted percentage of adults,Worse health / higher risk prevalence
SLEEP,meaning_cesi,0.11201263029832187,0.019061477271539798,5.13747801495396e-9,1540,39,1.541243404486188e-7,CDC PLACES 2024,Short Sleep Duration,Age-adjusted percentage of adults,Worse health / higher risk prevalence
GHLTH,practice_cesi,0.067353831623088,0.01001003314087394,2.198562963262872e-11,2116,38,8.574395556725201e-10,CDC PLACES 2024,General Health,Age-adjusted percentage of adults,Worse health / higher risk prevalence
GHLTH,meaning_cesi,-0.07994599235587152,0.012244694714243751,8.970393432572128e-11,1540,39,2.7808219640973597e-9,CDC PLACES 2024,General Health,Age-adjusted percentage of adults,Worse health / higher risk prevalence
MHLTH,practice_cesi,0.06688113031328598,0.011780652885893464,1.5594487260549734e-8,2116,38,5.30212566858691e-7,CDC PLACES 2024,Frequent Mental Distress,Age-adjusted percentage of adults,Worse health / higher risk prevalence
MHLTH,meaning_cesi,0.012115747506352784,0.014312099803369005,0.39738540840817393,1540,39,1,CDC PLACES 2024,Frequent Mental Distress,Age-adjusted percentage of adults,Worse health / higher risk prevalence
PHLTH,practice_cesi,0.07654934939022733,0.011029997048290082,5.196075831750181e-12,2116,38,2.0784303327000723e-10,CDC PLACES 2024,Frequent Physical Distress,Age-adjusted percentage of adults,Worse health / higher risk prevalence
PHLTH,meaning_cesi,-0.09047604042828186,0.013671656418990314,5.0241919357205076e-11,1540,39,1.6077414194305624e-9,CDC PLACES 2024,Frequent Physical Distress,Age-adjusted percentage of adults,Worse health / higher risk prevalence
EMOTIONSPT,practice_cesi,0.026055964619394148,0.008075715979148908,0.0012727279175827019,2116,38,0.025454558351654038,CDC PLACES 2024,Lack of Social/Emotional Support,Age-adjusted percentage of adults,Worse health / higher risk prevalence
EMOTIONSPT,meaning_cesi,0.0491335410552692,0.009846716107997207,6.742662413752178e-7,1540,39,1.6856656034380444e-5,CDC PLACES 2024,Lack of Social/Emotional Support,Age-adjusted percentage of adults,Worse health / higher risk prevalence
ISOLATION,practice_cesi,0.00861149743775196,0.01401896815061111,0.5391007058704572,2116,38,1,CDC PLACES 2024,Social Isolation,Age-adjusted percentage of adults,Worse health / higher risk prevalence
ISOLATION,meaning_cesi,-6.557136015054888e-4,0.01792947163863841,0.9708312287409941,1540,39,1,CDC PLACES 2024,Social Isolation,Age-adjusted percentage of adults,Worse health / higher risk prevalence
CHR_ALCOHOL_DRIVING_DEATHS,practice_cesi,0.015206213578175552,0.02839695055340763,0.5923698023364433,2108,38,1,County Health Rankings & Roadmaps 2025,Alcohol-Impaired Driving Deaths,Proportion of driving deaths involving alcohol impairment,Worse health / greater alcohol-related mortality burden
CHR_ALCOHOL_DRIVING_DEATHS,meaning_cesi,0.03412544542002248,0.033755804041375424,0.31219997923199144,1540,39,1,County Health Rankings & Roadmaps 2025,Alcohol-Impaired Driving Deaths,Proportion of driving deaths involving alcohol impairment,Worse health / greater alcohol-related mortality burden
CHR_CHILD_MORTALITY,practice_cesi,-0.07929187018964394,0.02543257977999811,0.0018561954385864332,1548,38,0.03526771333314223,County Health Rankings & Roadmaps 2025,Child Mortality,"Deaths under age 20 per 100,000",Worse health / higher mortality
CHR_CHILD_MORTALITY,meaning_cesi,0.2484313549725884,0.026469084374291126,2.579158090124309e-20,1387,39,1.0316632360497236e-18,County Health Rankings & Roadmaps 2025,Child Mortality,"Deaths under age 20 per 100,000",Worse health / higher mortality
CHR_FIREARM_FATALITIES,practice_cesi,-0.12994982698589036,0.023969964463090694,6.761736722808424e-8,1707,38,2.1637557512986956e-6,County Health Rankings & Roadmaps 2025,Firearm Fatalities,"Deaths per 100,000",Worse health / higher mortality
CHR_FIREARM_FATALITIES,meaning_cesi,0.1868471599578034,0.02607143228651124,1.2251737582380069e-12,1442,39,4.288108153833024e-11,County Health Rankings & Roadmaps 2025,Firearm Fatalities,"Deaths per 100,000",Worse health / higher mortality
CHR_HOMICIDES,practice_cesi,-0.16626811078108278,0.025968178080328766,2.2849354570046996e-10,1064,38,8.454261190917388e-9,County Health Rankings & Roadmaps 2025,Homicide Mortality,"Deaths per 100,000",Worse health / higher mortality
CHR_HOMICIDES,meaning_cesi,0.2636883352750231,0.030281291054374198,1.2917018070385503e-17,1018,39,4.908466866746491e-16,County Health Rankings & Roadmaps 2025,Homicide Mortality,"Deaths per 100,000",Worse health / higher mortality
CHR_INFANT_MORTALITY,practice_cesi,-0.14792279927399607,0.031817283272740936,3.83222590806708e-6,900,38,9.963787360974407e-5,County Health Rankings & Roadmaps 2025,Infant Mortality,"Deaths under age 1 per 1,000 live births",Worse health / higher mortality
CHR_INFANT_MORTALITY,meaning_cesi,0.2855499407513072,0.03273407579423614,1.4679228265459786e-17,893,39,5.431314458220121e-16,County Health Rankings & Roadmaps 2025,Infant Mortality,"Deaths under age 1 per 1,000 live births",Worse health / higher mortality
CHR_INJURY_DEATHS,practice_cesi,-0.0578821261777465,0.022349943973381702,0.009669997194421518,2087,38,0.1547199551107443,County Health Rankings & Roadmaps 2025,Injury Deaths,"Deaths per 100,000",Worse health / higher mortality
CHR_INJURY_DEATHS,meaning_cesi,0.03841571056245758,0.024002764680244683,0.10969941185241301,1540,39,0.767895882966891,County Health Rankings & Roadmaps 2025,Injury Deaths,"Deaths per 100,000",Worse health / higher mortality
CHR_LIFEEXP,practice_cesi,-0.07193318506554043,0.015798477110883672,5.588447020571558e-6,2090,38,1.3971117551428894e-4,County Health Rankings & Roadmaps 2025,Life Expectancy,Years,Better health / greater longevity
CHR_LIFEEXP,meaning_cesi,-0.08471224622254933,0.015943719491165846,1.235049897953699e-7,1540,39,3.458139714270357e-6,County Health Rankings & Roadmaps 2025,Life Expectancy,Years,Better health / greater longevity
CHR_MVC_DEATHS,practice_cesi,0.04341330449340903,0.020250499673375496,0.03217296725001816,1952,38,0.45042154150025426,County Health Rankings & Roadmaps 2025,Motor Vehicle Crash Deaths,"Deaths per 100,000",Worse health / higher mortality
CHR_MVC_DEATHS,meaning_cesi,0.1717292841349732,0.020836086626153456,3.656495106601069e-16,1524,39,1.3163382383763849e-14,County Health Rankings & Roadmaps 2025,Motor Vehicle Crash Deaths,"Deaths per 100,000",Worse health / higher mortality
CHR_OVERDOSE_DEATHS,practice_cesi,-0.04379451249856629,0.028470579045203424,0.12420327115183166,1489,38,1,County Health Rankings & Roadmaps 2025,Drug Overdose Deaths,"Deaths per 100,000",Worse health / higher mortality
CHR_OVERDOSE_DEATHS,meaning_cesi,-0.07940644850648576,0.028904728785993754,0.006092686100778562,1322,39,0.09748297761245699,County Health Rankings & Roadmaps 2025,Drug Overdose Deaths,"Deaths per 100,000",Worse health / higher mortality
CHR_PREMATURE_AAM,practice_cesi,0.043566025844376334,0.015623595393818452,0.005343515157443351,2096,38,0.09618327283398032,County Health Rankings & Roadmaps 2025,Premature Age-Adjusted Mortality,"Deaths per 100,000 (age-adjusted)",Worse health / higher mortality
CHR_PREMATURE_AAM,meaning_cesi,0.07985637681235226,0.01582162777996598,5.014065256339749e-7,1540,39,1.3036569666483346e-5,County Health Rankings & Roadmaps 2025,Premature Age-Adjusted Mortality,"Deaths per 100,000 (age-adjusted)",Worse health / higher mortality
CHR_PREMATURE_DEATH,practice_cesi,0.061249176814113244,0.01754555623178978,4.914564943979871e-4,2096,38,0.010812042876755716,County Health Rankings & Roadmaps 2025,Premature Death,"Years of potential life lost before age 75 per 100,000 (age-adjusted)",Worse health / higher mortality burden
CHR_PREMATURE_DEATH,meaning_cesi,0.07503480800259305,0.017669754536577237,2.30112925154394e-5,1540,39,5.062484353396668e-4,County Health Rankings & Roadmaps 2025,Premature Death,"Years of potential life lost before age 75 per 100,000 (age-adjusted)",Worse health / higher mortality burden
CHR_SUICIDES,practice_cesi,-0.0420427448423052,0.024965497389744375,0.09234805108608464,1805,38,1,County Health Rankings & Roadmaps 2025,Suicide Mortality,"Deaths per 100,000 (age-adjusted)",Worse health / higher mortality
CHR_SUICIDES,meaning_cesi,-0.00851630126573745,0.026867722000579894,0.7513099532087675,1490,39,1,County Health Rankings & Roadmaps 2025,Suicide Mortality,"Deaths per 100,000 (age-adjusted)",Worse health / higher mortality
CHR_HIV_PREVALENCE,practice_cesi,-0.22668129903997278,0.02012262018261735,1.5951197945866857e-28,1907,38,7.018527096181416e-27,County Health Rankings & Roadmaps 2025,HIV Prevalence,"People living with diagnosed HIV per 100,000 age 13+",Higher infectious-disease burden
CHR_HIV_PREVALENCE,meaning_cesi,0.12421748250466015,0.023341732881056308,1.1891091867817556e-7,1499,38,3.4484166416670914e-6,County Health Rankings & Roadmaps 2025,HIV Prevalence,"People living with diagnosed HIV per 100,000 age 13+",Higher infectious-disease burden
CHR_LOW_BIRTH_WEIGHT,practice_cesi,-0.08977844381485656,0.01899275883405344,2.4316579324915534e-6,2084,38,6.80864221097635e-5,County Health Rankings & Roadmaps 2025,Low Birth Weight,Proportion of live births,Worse population health
CHR_LOW_BIRTH_WEIGHT,meaning_cesi,0.19017120200910617,0.01905597311442158,9.140973154464095e-23,1540,39,3.747798993330279e-21,County Health Rankings & Roadmaps 2025,Low Birth Weight,Proportion of live births,Worse population health
CHR_STI,practice_cesi,-0.12021395514797542,0.016608613657550522,6.372760174449246e-13,2083,38,2.6128316715241907e-11,County Health Rankings & Roadmaps 2025,Sexually Transmitted Infections,"Diagnosed cases per 100,000",Higher infectious-disease burden
CHR_STI,meaning_cesi,0.1961941588647459,0.01894875776341729,2.47402539134461e-24,1539,39,1.0390906643647362e-22,County Health Rankings & Roadmaps 2025,Sexually Transmitted Infections,"Diagnosed cases per 100,000",Higher infectious-disease burden
CHR_TEEN_BIRTHS,practice_cesi,0.11650427423100344,0.017664963718658666,5.4159966875473914e-11,2050,38,2.058078741268009e-9,County Health Rankings & Roadmaps 2025,Teen Births,"Births per 1,000 females ages 15-19",Higher reproductive-health risk
CHR_TEEN_BIRTHS,meaning_cesi,0.048347592438321596,0.019655220604234854,0.014013155066382859,1539,39,0.17778919401744772,County Health Rankings & Roadmaps 2025,Teen Births,"Births per 1,000 females ages 15-19",Higher reproductive-health risk
