outcome_id,cesi_measure,model,beta,standard_error,p,n,n_states,p_holm,source,outcome,native_unit,higher_value_interpretation
COGNITION,practice_cesi,OLS,0.04927334015692399,0.015836069955069105,0.0018865622743795879,2116,38,0.039617807761971345,CDC PLACES 2024,Cognitive Disability,Age-adjusted percentage of adults,Worse health / higher risk prevalence
COGNITION,practice_cesi,State fixed effects,0.04707424694488707,0.01503335147700924,0.0033924696522783944,2116,38,0.10516655922063023,CDC PLACES 2024,Cognitive Disability,Age-adjusted percentage of adults,Worse health / higher risk prevalence
COGNITION,meaning_cesi,OLS,-0.12044577892494947,0.017493543282950667,8.391979463350674e-12,1540,39,2.265834455104682e-10,CDC PLACES 2024,Cognitive Disability,Age-adjusted percentage of adults,Worse health / higher risk prevalence
COGNITION,meaning_cesi,State fixed effects,-0.06399783850272114,0.02231454257797446,0.00670595103272643,1540,39,0.21459043304724576,CDC PLACES 2024,Cognitive Disability,Age-adjusted percentage of adults,Worse health / higher risk prevalence
DISABILITY,practice_cesi,OLS,0.02407604860318657,0.014736430312934843,0.10245483050856423,2116,38,1,CDC PLACES 2024,Any Disability,Age-adjusted percentage of adults,Worse health / higher risk prevalence
DISABILITY,practice_cesi,State fixed effects,0.006915776167411095,0.014145859058089126,0.6278047331074401,2116,38,1,CDC PLACES 2024,Any Disability,Age-adjusted percentage of adults,Worse health / higher risk prevalence
DISABILITY,meaning_cesi,OLS,-0.06474522939994018,0.016418649344570182,8.395891812779258e-5,1540,39,0.0012593837719168887,CDC PLACES 2024,Any Disability,Age-adjusted percentage of adults,Worse health / higher risk prevalence
DISABILITY,meaning_cesi,State fixed effects,-0.04155145403371813,0.015075185486472317,0.008930600085077253,1540,39,0.27684860263739486,CDC PLACES 2024,Any Disability,Age-adjusted percentage of adults,Worse health / higher risk prevalence
HEARING,practice_cesi,OLS,-0.018167417868807705,0.018629877425443794,0.3295845752005846,2116,38,1,CDC PLACES 2024,Hearing Disability,Age-adjusted percentage of adults,Worse health / higher risk prevalence
HEARING,practice_cesi,State fixed effects,0.03127879332540919,0.02799770312163529,0.2711147128585033,2116,38,1,CDC PLACES 2024,Hearing Disability,Age-adjusted percentage of adults,Worse health / higher risk prevalence
HEARING,meaning_cesi,OLS,-0.20650825689801594,0.02091540792999592,2.4744193242751333e-22,1540,39,8.413025702535453e-21,CDC PLACES 2024,Hearing Disability,Age-adjusted percentage of adults,Worse health / higher risk prevalence
HEARING,meaning_cesi,State fixed effects,-0.17969714759489935,0.029127674058955316,3.3355716388289194e-7,1540,39,1.4676515210847245e-5,CDC PLACES 2024,Hearing Disability,Age-adjusted percentage of adults,Worse health / higher risk prevalence
INDEPLIVE,practice_cesi,OLS,0.0015501734251342457,0.013557520646684522,0.9089787778813523,2116,38,1,CDC PLACES 2024,Independent Living Disability,Age-adjusted percentage of adults,Worse health / higher risk prevalence
INDEPLIVE,practice_cesi,State fixed effects,-0.0037546274583723097,0.01643891495843283,0.8205939030658139,2116,38,1,CDC PLACES 2024,Independent Living Disability,Age-adjusted percentage of adults,Worse health / higher risk prevalence
INDEPLIVE,meaning_cesi,OLS,-0.024350925716119434,0.014917885653851102,0.10281516936671904,1540,39,0.7197061855670333,CDC PLACES 2024,Independent Living Disability,Age-adjusted percentage of adults,Worse health / higher risk prevalence
INDEPLIVE,meaning_cesi,State fixed effects,-0.02548031607340221,0.020042681699918543,0.21134779676199544,1540,39,1,CDC PLACES 2024,Independent Living Disability,Age-adjusted percentage of adults,Worse health / higher risk prevalence
MOBILITY,practice_cesi,OLS,0.012659795153314973,0.01291092637308923,0.32692769143733413,2116,38,1,CDC PLACES 2024,Mobility Disability,Age-adjusted percentage of adults,Worse health / higher risk prevalence
MOBILITY,practice_cesi,State fixed effects,-0.014300147053480556,0.013441360307567067,0.2942721705572831,2116,38,1,CDC PLACES 2024,Mobility Disability,Age-adjusted percentage of adults,Worse health / higher risk prevalence
MOBILITY,meaning_cesi,OLS,-0.0014445276604710014,0.014397426719723157,0.9200935944694696,1540,39,1,CDC PLACES 2024,Mobility Disability,Age-adjusted percentage of adults,Worse health / higher risk prevalence
MOBILITY,meaning_cesi,State fixed effects,-0.028269091777737364,0.016183668912052293,0.08875716702943127,1540,39,1,CDC PLACES 2024,Mobility Disability,Age-adjusted percentage of adults,Worse health / higher risk prevalence
SELFCARE,practice_cesi,OLS,-0.04840939962844825,0.012320604569325148,8.7994010275664e-5,2116,38,0.002287844267167264,CDC PLACES 2024,Self-care Disability,Age-adjusted percentage of adults,Worse health / higher risk prevalence
SELFCARE,practice_cesi,State fixed effects,-0.05111093810710503,0.015297770556995586,0.0019166642723632628,2116,38,0.06516658526035093,CDC PLACES 2024,Self-care Disability,Age-adjusted percentage of adults,Worse health / higher risk prevalence
SELFCARE,meaning_cesi,OLS,0.024297351513558305,0.013606355126122648,0.07433970780058964,1540,39,0.5947176624047171,CDC PLACES 2024,Self-care Disability,Age-adjusted percentage of adults,Worse health / higher risk prevalence
SELFCARE,meaning_cesi,State fixed effects,-0.046347052753885426,0.027557429204046437,0.10080251034525967,1540,39,1,CDC PLACES 2024,Self-care Disability,Age-adjusted percentage of adults,Worse health / higher risk prevalence
VISION,practice_cesi,OLS,0.004759689779740461,0.01081258628235241,0.6598380859280244,2116,38,1,CDC PLACES 2024,Vision Disability,Age-adjusted percentage of adults,Worse health / higher risk prevalence
VISION,practice_cesi,State fixed effects,0.0010972097813591007,0.011758503266332647,0.9261591347427275,2116,38,1,CDC PLACES 2024,Vision Disability,Age-adjusted percentage of adults,Worse health / higher risk prevalence
VISION,meaning_cesi,OLS,-0.07053546059669746,0.012056525480709564,5.984732888413894e-9,1540,39,1.3166412354510567e-7,CDC PLACES 2024,Vision Disability,Age-adjusted percentage of adults,Worse health / higher risk prevalence
VISION,meaning_cesi,State fixed effects,-0.10154119072044232,0.04709925414050126,0.03748738377630178,1540,39,0.8526033427215975,CDC PLACES 2024,Vision Disability,Age-adjusted percentage of adults,Worse health / higher risk prevalence
ARTHRITIS,practice_cesi,OLS,-0.0748245723353683,0.018100642903512938,3.707642641134685e-5,2116,38,0.0010752163659290585,CDC PLACES 2024,Arthritis,Age-adjusted percentage of adults,Worse health / higher risk prevalence
ARTHRITIS,practice_cesi,State fixed effects,-0.06438501129185956,0.018286033383229126,0.0011604814619199993,2116,38,0.04177733262911998,CDC PLACES 2024,Arthritis,Age-adjusted percentage of adults,Worse health / higher risk prevalence
ARTHRITIS,meaning_cesi,OLS,0.17905282126119462,0.020092825348883615,1.3979975387373156e-18,1540,39,4.3337923700856785e-17,CDC PLACES 2024,Arthritis,Age-adjusted percentage of adults,Worse health / higher risk prevalence
ARTHRITIS,meaning_cesi,State fixed effects,0.0558957469472578,0.027494599444331313,0.0490846053117533,1540,39,1,CDC PLACES 2024,Arthritis,Age-adjusted percentage of adults,Worse health / higher risk prevalence
BPHIGH,practice_cesi,OLS,0.0023028183985318216,0.016563956908129802,0.8894434010627235,2052,37,1,CDC PLACES 2024,High Blood Pressure,Age-adjusted percentage of adults,Worse health / higher risk prevalence
BPHIGH,practice_cesi,State fixed effects,-0.08974723525747567,0.018512391426766823,2.388833737426297e-5,2052,37,9.077568202219928e-4,CDC PLACES 2024,High Blood Pressure,Age-adjusted percentage of adults,Worse health / higher risk prevalence
BPHIGH,meaning_cesi,OLS,0.3311165087488599,0.017355160023452262,9.954693611607563e-73,1487,38,4.380065189107328e-71,CDC PLACES 2024,High Blood Pressure,Age-adjusted percentage of adults,Worse health / higher risk prevalence
BPHIGH,meaning_cesi,State fixed effects,0.11600005797396071,0.04206590238566376,0.008992335029810231,1487,38,0.27684860263739486,CDC PLACES 2024,High Blood Pressure,Age-adjusted percentage of adults,Worse health / higher risk prevalence
CANCER,practice_cesi,OLS,0.0203891631134873,0.012317775622905945,0.09801986290853976,2116,38,1,CDC PLACES 2024,Cancer (non-skin) or Melanoma,Age-adjusted percentage of adults,Worse health / higher risk prevalence
CANCER,practice_cesi,State fixed effects,-0.016689304722430572,0.020139339680946066,0.4125928787837351,2116,38,1,CDC PLACES 2024,Cancer (non-skin) or Melanoma,Age-adjusted percentage of adults,Worse health / higher risk prevalence
CANCER,meaning_cesi,OLS,-0.11480915826178847,0.013638671181897514,8.674946615464868e-17,1540,39,2.6024839846394603e-15,CDC PLACES 2024,Cancer (non-skin) or Melanoma,Age-adjusted percentage of adults,Worse health / higher risk prevalence
CANCER,meaning_cesi,State fixed effects,-0.02197655452102496,0.019584890490481077,0.2688528581294484,1540,39,1,CDC PLACES 2024,Cancer (non-skin) or Melanoma,Age-adjusted percentage of adults,Worse health / higher risk prevalence
CASTHMA,practice_cesi,OLS,-0.1883927431119892,0.024301692735223285,1.3935510005695299e-14,2116,38,5.713559102335072e-13,CDC PLACES 2024,Current Asthma,Age-adjusted percentage of adults,Worse health / higher risk prevalence
CASTHMA,practice_cesi,State fixed effects,-0.04043741270683132,0.031313700448105664,0.20458679211827174,2116,38,1,CDC PLACES 2024,Current Asthma,Age-adjusted percentage of adults,Worse health / higher risk prevalence
CASTHMA,meaning_cesi,OLS,-0.029005247109483843,0.02852727183013435,0.3094304169943314,1540,39,1,CDC PLACES 2024,Current Asthma,Age-adjusted percentage of adults,Worse health / higher risk prevalence
CASTHMA,meaning_cesi,State fixed effects,0.1120690299814958,0.050489663578572756,0.03248589413587777,1540,39,0.7796614592610664,CDC PLACES 2024,Current Asthma,Age-adjusted percentage of adults,Worse health / higher risk prevalence
CHD,practice_cesi,OLS,-0.029398672303167436,0.014605159386610693,0.044252398317113494,2116,38,0.7080383730738159,CDC PLACES 2024,Coronary Heart Disease,Age-adjusted percentage of adults,Worse health / higher risk prevalence
CHD,practice_cesi,State fixed effects,-0.01866479875816165,0.02094176585716725,0.3785430157193318,2116,38,1,CDC PLACES 2024,Coronary Heart Disease,Age-adjusted percentage of adults,Worse health / higher risk prevalence
CHD,meaning_cesi,OLS,-0.11147275107907936,0.016433713045286805,1.673543357378469e-11,1540,39,4.3512127291840194e-10,CDC PLACES 2024,Coronary Heart Disease,Age-adjusted percentage of adults,Worse health / higher risk prevalence
CHD,meaning_cesi,State fixed effects,-0.09692075581291264,0.01630199206089498,6.765877598231647e-7,1540,39,2.9093273672396083e-5,CDC PLACES 2024,Coronary Heart Disease,Age-adjusted percentage of adults,Worse health / higher risk prevalence
COPD,practice_cesi,OLS,-0.016711454505756413,0.01485942976295913,0.2608711537222514,2116,38,1,CDC PLACES 2024,COPD,Age-adjusted percentage of adults,Worse health / higher risk prevalence
COPD,practice_cesi,State fixed effects,-0.001921344063514532,0.01791477870861658,0.9151707997525803,2116,38,1,CDC PLACES 2024,COPD,Age-adjusted percentage of adults,Worse health / higher risk prevalence
COPD,meaning_cesi,OLS,0.010803868310224538,0.01692569288332156,0.5233661178019291,1540,39,1,CDC PLACES 2024,COPD,Age-adjusted percentage of adults,Worse health / higher risk prevalence
COPD,meaning_cesi,State fixed effects,0.01477477910479746,0.035825598078934644,0.6823575776701183,1540,39,1,CDC PLACES 2024,COPD,Age-adjusted percentage of adults,Worse health / higher risk prevalence
DEPRESSION,practice_cesi,OLS,0.03984060756112891,0.02190410089246732,0.06907375201392235,2116,38,1,CDC PLACES 2024,Depression,Age-adjusted percentage of adults,Worse health / higher risk prevalence
DEPRESSION,practice_cesi,State fixed effects,-0.006284626121500449,0.015853690585097877,0.6940766543316278,2116,38,1,CDC PLACES 2024,Depression,Age-adjusted percentage of adults,Worse health / higher risk prevalence
DEPRESSION,meaning_cesi,OLS,-0.20070534176409618,0.02433217121161139,3.410511841833998e-16,1540,39,9.890484341318594e-15,CDC PLACES 2024,Depression,Age-adjusted percentage of adults,Worse health / higher risk prevalence
DEPRESSION,meaning_cesi,State fixed effects,-0.04926369058613273,0.012484075033484745,3.312291812442816e-4,1540,39,0.013249167249771265,CDC PLACES 2024,Depression,Age-adjusted percentage of adults,Worse health / higher risk prevalence
DIABETES,practice_cesi,OLS,0.0325531232428378,0.012270305877322708,0.008037830952724567,2116,38,0.1446809571490422,CDC PLACES 2024,Diabetes,Age-adjusted percentage of adults,Worse health / higher risk prevalence
DIABETES,practice_cesi,State fixed effects,-0.03895067992107804,0.011553730703913122,0.0017631891717178382,2116,38,0.06171162101012433,CDC PLACES 2024,Diabetes,Age-adjusted percentage of adults,Worse health / higher risk prevalence
DIABETES,meaning_cesi,OLS,0.03645518106174679,0.013912054721101918,0.008869373354677131,1540,39,0.09756310690144844,CDC PLACES 2024,Diabetes,Age-adjusted percentage of adults,Worse health / higher risk prevalence
DIABETES,meaning_cesi,State fixed effects,-0.03824105508298795,0.022045343233936428,0.09090791721904212,1540,39,1,CDC PLACES 2024,Diabetes,Age-adjusted percentage of adults,Worse health / higher risk prevalence
HIGHCHOL,practice_cesi,OLS,0.17274000020517633,0.020203734043126545,2.372909269456096e-17,2052,37,1.0440800785606822e-15,CDC PLACES 2024,High Cholesterol,Age-adjusted percentage of adults,Worse health / higher risk prevalence
HIGHCHOL,practice_cesi,State fixed effects,0.03923594750496332,0.01948135853281126,0.05152646110253759,2052,37,1,CDC PLACES 2024,High Cholesterol,Age-adjusted percentage of adults,Worse health / higher risk prevalence
HIGHCHOL,meaning_cesi,OLS,0.013298034137189697,0.024778058254590632,0.5915652699135088,1487,38,1,CDC PLACES 2024,High Cholesterol,Age-adjusted percentage of adults,Worse health / higher risk prevalence
HIGHCHOL,meaning_cesi,State fixed effects,-0.05602391182057103,0.025900440605409743,0.037069710553112936,1487,38,0.8526033427215975,CDC PLACES 2024,High Cholesterol,Age-adjusted percentage of adults,Worse health / higher risk prevalence
OBESITY,practice_cesi,OLS,-0.027868538154321696,0.020514616376795778,0.1744591497990021,2116,38,1,CDC PLACES 2024,Obesity,Age-adjusted percentage of adults,Worse health / higher risk prevalence
OBESITY,practice_cesi,State fixed effects,-0.016783420804421127,0.01834684891808188,0.36622799407894346,2116,38,1,CDC PLACES 2024,Obesity,Age-adjusted percentage of adults,Worse health / higher risk prevalence
OBESITY,meaning_cesi,OLS,0.21153649660137333,0.02216236185157076,5.158322525232427e-21,1540,39,1.6506632080743766e-19,CDC PLACES 2024,Obesity,Age-adjusted percentage of adults,Worse health / higher risk prevalence
OBESITY,meaning_cesi,State fixed effects,0.07775623916836506,0.019368698383026926,2.704674298297731e-4,1540,39,0.011089164623020698,CDC PLACES 2024,Obesity,Age-adjusted percentage of adults,Worse health / higher risk prevalence
STROKE,practice_cesi,OLS,-0.0638660681801221,0.014569715742767842,1.2253538565456542e-5,2116,38,3.6760615696369625e-4,CDC PLACES 2024,Stroke,Age-adjusted percentage of adults,Worse health / higher risk prevalence
STROKE,practice_cesi,State fixed effects,-0.07450084592023752,0.023541871028133026,0.0031018819074896523,2116,38,0.1012525424553252,CDC PLACES 2024,Stroke,Age-adjusted percentage of adults,Worse health / higher risk prevalence
STROKE,meaning_cesi,OLS,0.15845627403231063,0.01578388059236842,5.1782445159026297e-23,1540,39,1.8641680257249468e-21,CDC PLACES 2024,Stroke,Age-adjusted percentage of adults,Worse health / higher risk prevalence
STROKE,meaning_cesi,State fixed effects,0.045831609274914434,0.0417241708470407,0.2789225084259151,1540,39,1,CDC PLACES 2024,Stroke,Age-adjusted percentage of adults,Worse health / higher risk prevalence
TEETHLOST,practice_cesi,OLS,-0.04072590841234879,0.017727794917927975,0.02169968125962656,2116,38,0.3688945814136515,CDC PLACES 2024,All Teeth Lost,Age-adjusted percentage of adults,Worse health / higher risk prevalence
TEETHLOST,practice_cesi,State fixed effects,-0.030728549172755817,0.021024488792633845,0.1523035052008404,2116,38,1,CDC PLACES 2024,All Teeth Lost,Age-adjusted percentage of adults,Worse health / higher risk prevalence
TEETHLOST,meaning_cesi,OLS,0.07444248049029446,0.02041110228819995,2.740297765071021e-4,1540,39,0.0038364168710994296,CDC PLACES 2024,All Teeth Lost,Age-adjusted percentage of adults,Worse health / higher risk prevalence
TEETHLOST,meaning_cesi,State fixed effects,0.02787721094684798,0.03406144379109914,0.418209603257202,1540,39,1,CDC PLACES 2024,All Teeth Lost,Age-adjusted percentage of adults,Worse health / higher risk prevalence
BINGE,practice_cesi,OLS,-0.09604279104478157,0.020313992657619368,2.4183149842755304e-6,2116,38,7.496776451254144e-5,CDC PLACES 2024,Binge Drinking,Age-adjusted percentage of adults,Worse health / higher risk prevalence
BINGE,practice_cesi,State fixed effects,0.014092144160720216,0.011188930855379559,0.21574727761385784,2116,38,1,CDC PLACES 2024,Binge Drinking,Age-adjusted percentage of adults,Worse health / higher risk prevalence
BINGE,meaning_cesi,OLS,-0.11114930880337304,0.02395220373088946,3.7725258937521167e-6,1540,39,6.413294019378599e-5,CDC PLACES 2024,Binge Drinking,Age-adjusted percentage of adults,Worse health / higher risk prevalence
BINGE,meaning_cesi,State fixed effects,-0.03150858325598024,0.02430411616762002,0.20264551523280094,1540,39,1,CDC PLACES 2024,Binge Drinking,Age-adjusted percentage of adults,Worse health / higher risk prevalence
CSMOKING,practice_cesi,OLS,-0.08492117357549037,0.016905797783341895,5.509084809220632e-7,2116,38,1.928179683227221e-5,CDC PLACES 2024,Current Cigarette Smoking,Age-adjusted percentage of adults,Worse health / higher risk prevalence
CSMOKING,practice_cesi,State fixed effects,0.01068716350290125,0.021695424598164675,0.6252059426965513,2116,38,1,CDC PLACES 2024,Current Cigarette Smoking,Age-adjusted percentage of adults,Worse health / higher risk prevalence
CSMOKING,meaning_cesi,OLS,0.04485482095352804,0.019034862479876638,0.0185754722971512,1540,39,0.1671792506743608,CDC PLACES 2024,Current Cigarette Smoking,Age-adjusted percentage of adults,Worse health / higher risk prevalence
CSMOKING,meaning_cesi,State fixed effects,0.030480584446589534,0.03045177748091153,0.32318445375130134,1540,39,1,CDC PLACES 2024,Current Cigarette Smoking,Age-adjusted percentage of adults,Worse health / higher risk prevalence
LPA,practice_cesi,OLS,0.016351606999710003,0.014511074913447745,0.25993986266018343,2116,38,1,CDC PLACES 2024,Physical Inactivity,Age-adjusted percentage of adults,Worse health / higher risk prevalence
LPA,practice_cesi,State fixed effects,0.0418072562796126,0.013194022608177435,0.0030682588622825816,2116,38,0.1012525424553252,CDC PLACES 2024,Physical Inactivity,Age-adjusted percentage of adults,Worse health / higher risk prevalence
LPA,meaning_cesi,OLS,0.046109328348105875,0.016372528830268077,0.004920834551378842,1540,39,0.059050014616546104,CDC PLACES 2024,Physical Inactivity,Age-adjusted percentage of adults,Worse health / higher risk prevalence
LPA,meaning_cesi,State fixed effects,-0.03405616649418939,0.02426300233154009,0.16855009060935883,1540,39,1,CDC PLACES 2024,Physical Inactivity,Age-adjusted percentage of adults,Worse health / higher risk prevalence
SLEEP,practice_cesi,OLS,0.008304527927704048,0.017690197378722048,0.6388020074174128,2116,38,1,CDC PLACES 2024,Short Sleep Duration,Age-adjusted percentage of adults,Worse health / higher risk prevalence
SLEEP,practice_cesi,State fixed effects,-0.0611078181226699,0.020024144921838405,0.004195455079993857,2116,38,0.12166819731982186,CDC PLACES 2024,Short Sleep Duration,Age-adjusted percentage of adults,Worse health / higher risk prevalence
SLEEP,meaning_cesi,OLS,0.06847183125951062,0.02129627988889217,0.0013306884816550928,1540,39,0.017298950261516205,CDC PLACES 2024,Short Sleep Duration,Age-adjusted percentage of adults,Worse health / higher risk prevalence
SLEEP,meaning_cesi,State fixed effects,0.10494710102586331,0.04194401560283298,0.01676919855258086,1540,39,0.46953755947226405,CDC PLACES 2024,Short Sleep Duration,Age-adjusted percentage of adults,Worse health / higher risk prevalence
GHLTH,practice_cesi,OLS,0.03523217765325421,0.012553566944146057,0.0050535602522899185,2116,38,0.09601764479350845,CDC PLACES 2024,General Health,Age-adjusted percentage of adults,Worse health / higher risk prevalence
GHLTH,practice_cesi,State fixed effects,0.018409978002641724,0.012397442275363369,0.14601934928579038,2116,38,1,CDC PLACES 2024,General Health,Age-adjusted percentage of adults,Worse health / higher risk prevalence
GHLTH,meaning_cesi,OLS,-0.08346006705251499,0.013739886082379046,1.5678458497617168e-9,1540,39,3.6060454544519484e-8,CDC PLACES 2024,General Health,Age-adjusted percentage of adults,Worse health / higher risk prevalence
GHLTH,meaning_cesi,State fixed effects,-0.07825831218238437,0.033093213852890595,0.023250400284408834,1540,39,0.5946801837817568,CDC PLACES 2024,General Health,Age-adjusted percentage of adults,Worse health / higher risk prevalence
MHLTH,practice_cesi,OLS,-0.02398983916302009,0.018153452892623056,0.18647710019252722,2116,38,1,CDC PLACES 2024,Frequent Mental Distress,Age-adjusted percentage of adults,Worse health / higher risk prevalence
MHLTH,practice_cesi,State fixed effects,0.008429164132644827,0.0206932977719525,0.6861070176899544,2116,38,1,CDC PLACES 2024,Frequent Mental Distress,Age-adjusted percentage of adults,Worse health / higher risk prevalence
MHLTH,meaning_cesi,OLS,-0.13396772839750265,0.020058520930333168,3.358432628778776e-11,1540,39,8.39608157194694e-10,CDC PLACES 2024,Frequent Mental Distress,Age-adjusted percentage of adults,Worse health / higher risk prevalence
MHLTH,meaning_cesi,State fixed effects,0.013651923122494311,0.02349346654266683,0.5646077676414873,1540,39,1,CDC PLACES 2024,Frequent Mental Distress,Age-adjusted percentage of adults,Worse health / higher risk prevalence
PHLTH,practice_cesi,OLS,-1.7050879596528456e-4,0.015112199766323645,0.9909988403754353,2116,38,1,CDC PLACES 2024,Frequent Physical Distress,Age-adjusted percentage of adults,Worse health / higher risk prevalence
PHLTH,practice_cesi,State fixed effects,0.018183478748190995,0.017288899840591242,0.29973823233776836,2116,38,1,CDC PLACES 2024,Frequent Physical Distress,Age-adjusted percentage of adults,Worse health / higher risk prevalence
PHLTH,meaning_cesi,OLS,-0.16253431978404947,0.016449612116182517,2.3119709615157846e-22,1540,39,8.091898365305247e-21,CDC PLACES 2024,Frequent Physical Distress,Age-adjusted percentage of adults,Worse health / higher risk prevalence
PHLTH,meaning_cesi,State fixed effects,-0.08472877497236267,0.02401935032129279,0.0011146318087373818,1540,39,0.04124137692328313,CDC PLACES 2024,Frequent Physical Distress,Age-adjusted percentage of adults,Worse health / higher risk prevalence
EMOTIONSPT,practice_cesi,OLS,0.047671192542048914,0.016163967625895788,0.0032207602827629507,2116,38,0.06441520565525902,CDC PLACES 2024,Lack of Social/Emotional Support,Age-adjusted percentage of adults,Worse health / higher risk prevalence
EMOTIONSPT,practice_cesi,State fixed effects,-0.006585412338133483,0.01217785439490287,0.5919073813273812,2116,38,1,CDC PLACES 2024,Lack of Social/Emotional Support,Age-adjusted percentage of adults,Worse health / higher risk prevalence
EMOTIONSPT,meaning_cesi,OLS,0.09654961352958907,0.019340495447317165,6.654838568508575e-7,1540,39,1.1978709423315436e-5,CDC PLACES 2024,Lack of Social/Emotional Support,Age-adjusted percentage of adults,Worse health / higher risk prevalence
EMOTIONSPT,meaning_cesi,State fixed effects,0.05897524683579414,0.02486546664065162,0.0228723147608368,1540,39,0.5946801837817568,CDC PLACES 2024,Lack of Social/Emotional Support,Age-adjusted percentage of adults,Worse health / higher risk prevalence
ISOLATION,practice_cesi,OLS,-0.11019566506204231,0.022457948149088587,9.96854498010424e-7,2116,38,3.389305293235442e-5,CDC PLACES 2024,Social Isolation,Age-adjusted percentage of adults,Worse health / higher risk prevalence
ISOLATION,practice_cesi,State fixed effects,-0.028836680098441682,0.018716078426970508,0.13188907002745906,2116,38,1,CDC PLACES 2024,Social Isolation,Age-adjusted percentage of adults,Worse health / higher risk prevalence
ISOLATION,meaning_cesi,OLS,-0.13478188742044064,0.026607032327869474,4.563304604356475e-7,1540,39,8.670278748277302e-6,CDC PLACES 2024,Social Isolation,Age-adjusted percentage of adults,Worse health / higher risk prevalence
ISOLATION,meaning_cesi,State fixed effects,0.011141216705156635,0.020272666260022238,0.5858310310346654,1540,39,1,CDC PLACES 2024,Social Isolation,Age-adjusted percentage of adults,Worse health / higher risk prevalence
CHR_ALCOHOL_DRIVING_DEATHS,practice_cesi,OLS,-0.019515431041627892,0.026817273511590738,0.46686689653995217,2108,38,1,County Health Rankings & Roadmaps 2025,Alcohol-Impaired Driving Deaths,Proportion of driving deaths involving alcohol impairment,Worse health / greater alcohol-related mortality burden
CHR_ALCOHOL_DRIVING_DEATHS,practice_cesi,State fixed effects,0.03575227808059588,0.04380014131192743,0.4195761266493919,2108,38,1,County Health Rankings & Roadmaps 2025,Alcohol-Impaired Driving Deaths,Proportion of driving deaths involving alcohol impairment,Worse health / greater alcohol-related mortality burden
CHR_ALCOHOL_DRIVING_DEATHS,meaning_cesi,OLS,-0.018617914146050685,0.03148075352544823,0.5543354521908879,1540,39,1,County Health Rankings & Roadmaps 2025,Alcohol-Impaired Driving Deaths,Proportion of driving deaths involving alcohol impairment,Worse health / greater alcohol-related mortality burden
CHR_ALCOHOL_DRIVING_DEATHS,meaning_cesi,State fixed effects,0.03946332912068792,0.025115338252820193,0.12440709254690704,1540,39,1,County Health Rankings & Roadmaps 2025,Alcohol-Impaired Driving Deaths,Proportion of driving deaths involving alcohol impairment,Worse health / greater alcohol-related mortality burden
CHR_CHILD_MORTALITY,practice_cesi,OLS,-0.08279158808683877,0.02322818935891831,3.7599701334601005e-4,1548,38,0.009023928320304242,County Health Rankings & Roadmaps 2025,Child Mortality,"Deaths under age 20 per 100,000",Worse health / higher mortality
CHR_CHILD_MORTALITY,practice_cesi,State fixed effects,-0.12280722976790849,0.032519328017815166,5.597349405137208e-4,1548,38,0.02071019279900767,County Health Rankings & Roadmaps 2025,Child Mortality,"Deaths under age 20 per 100,000",Worse health / higher mortality
CHR_CHILD_MORTALITY,meaning_cesi,OLS,0.35553629045141677,0.02420348974184992,1.6964331015541722e-45,1387,39,6.955375716372106e-44,County Health Rankings & Roadmaps 2025,Child Mortality,"Deaths under age 20 per 100,000",Worse health / higher mortality
CHR_CHILD_MORTALITY,meaning_cesi,State fixed effects,0.22820856717049764,0.06256142757914432,7.906191991634624e-4,1387,39,0.03004352956821157,County Health Rankings & Roadmaps 2025,Child Mortality,"Deaths under age 20 per 100,000",Worse health / higher mortality
CHR_FIREARM_FATALITIES,practice_cesi,OLS,-0.14702108033078037,0.0236242331435846,6.116698354234203e-10,1707,38,2.2631783910666553e-8,County Health Rankings & Roadmaps 2025,Firearm Fatalities,"Deaths per 100,000",Worse health / higher mortality
CHR_FIREARM_FATALITIES,practice_cesi,State fixed effects,-0.18460216296540632,0.031657601309822155,1.0628917722825651e-6,1707,38,4.4641454435867736e-5,County Health Rankings & Roadmaps 2025,Firearm Fatalities,"Deaths per 100,000",Worse health / higher mortality
CHR_FIREARM_FATALITIES,meaning_cesi,OLS,0.27673618834381314,0.026289750279960968,5.183963500364782e-25,1442,39,1.9180664951349694e-23,County Health Rankings & Roadmaps 2025,Firearm Fatalities,"Deaths per 100,000",Worse health / higher mortality
CHR_FIREARM_FATALITIES,meaning_cesi,State fixed effects,0.17818067172783075,0.05083582058240627,0.0011880371366962228,1442,39,0.04276933692106402,County Health Rankings & Roadmaps 2025,Firearm Fatalities,"Deaths per 100,000",Worse health / higher mortality
CHR_HOMICIDES,practice_cesi,OLS,-0.19781117922173794,0.026837855433621473,3.420026629696726e-13,1064,38,1.3338103855817232e-11,County Health Rankings & Roadmaps 2025,Homicide Mortality,"Deaths per 100,000",Worse health / higher mortality
CHR_HOMICIDES,practice_cesi,State fixed effects,-0.25098689846657557,0.037392333742842135,6.873975465363686e-8,1064,38,2.955809450106385e-6,County Health Rankings & Roadmaps 2025,Homicide Mortality,"Deaths per 100,000",Worse health / higher mortality
CHR_HOMICIDES,meaning_cesi,OLS,0.4135857823788892,0.029429489086733995,4.1377663461316844e-41,1018,39,1.613728874991357e-39,County Health Rankings & Roadmaps 2025,Homicide Mortality,"Deaths per 100,000",Worse health / higher mortality
CHR_HOMICIDES,meaning_cesi,State fixed effects,0.2521555467395457,0.08164243395208819,0.003749044766160405,1018,39,0.12371847728329337,County Health Rankings & Roadmaps 2025,Homicide Mortality,"Deaths per 100,000",Worse health / higher mortality
CHR_INFANT_MORTALITY,practice_cesi,OLS,-0.20777541698954538,0.03006906400961568,9.21526196142653e-12,900,38,3.5017995453420817e-10,County Health Rankings & Roadmaps 2025,Infant Mortality,"Deaths under age 1 per 1,000 live births",Worse health / higher mortality
CHR_INFANT_MORTALITY,practice_cesi,State fixed effects,-0.23641897988045604,0.029876782303027996,1.7859630070842916e-9,900,38,7.858237231170883e-8,County Health Rankings & Roadmaps 2025,Infant Mortality,"Deaths under age 1 per 1,000 live births",Worse health / higher mortality
CHR_INFANT_MORTALITY,meaning_cesi,OLS,0.4328072343058322,0.030345269234782524,1.0589753245441513e-41,893,39,4.235901298176605e-40,County Health Rankings & Roadmaps 2025,Infant Mortality,"Deaths under age 1 per 1,000 live births",Worse health / higher mortality
CHR_INFANT_MORTALITY,meaning_cesi,State fixed effects,0.27664855963558377,0.07144757838793475,4.119808671009271e-4,893,39,0.016067253816936158,County Health Rankings & Roadmaps 2025,Infant Mortality,"Deaths under age 1 per 1,000 live births",Worse health / higher mortality
CHR_INJURY_DEATHS,practice_cesi,OLS,-0.1744812600532326,0.022729788817560652,2.5004010969082327e-14,2087,38,1.0001604387632931e-12,County Health Rankings & Roadmaps 2025,Injury Deaths,"Deaths per 100,000",Worse health / higher mortality
CHR_INJURY_DEATHS,practice_cesi,State fixed effects,-0.13464405350540282,0.043442829217159126,0.003695788348003417,2087,38,0.11087365044010251,County Health Rankings & Roadmaps 2025,Injury Deaths,"Deaths per 100,000",Worse health / higher mortality
CHR_INJURY_DEATHS,meaning_cesi,OLS,-0.016500229058545243,0.026273801554822195,0.5300904572312135,1540,39,1,County Health Rankings & Roadmaps 2025,Injury Deaths,"Deaths per 100,000",Worse health / higher mortality
CHR_INJURY_DEATHS,meaning_cesi,State fixed effects,0.03182221354826013,0.04987119532049736,0.5272432156480109,1540,39,1,County Health Rankings & Roadmaps 2025,Injury Deaths,"Deaths per 100,000",Worse health / higher mortality
CHR_LIFEEXP,practice_cesi,OLS,0.05827885899986369,0.016921493041658582,5.843579769624555e-4,2090,38,0.013440233470136476,County Health Rankings & Roadmaps 2025,Life Expectancy,Years,Better health / greater longevity
CHR_LIFEEXP,practice_cesi,State fixed effects,0.04398086195923296,0.02898436470142857,0.13766449928705096,2090,38,1,County Health Rankings & Roadmaps 2025,Life Expectancy,Years,Better health / greater longevity
CHR_LIFEEXP,meaning_cesi,OLS,-0.12987637243179234,0.0180932978186275,1.0970468112508804e-12,1540,39,3.071731071502465e-11,County Health Rankings & Roadmaps 2025,Life Expectancy,Years,Better health / greater longevity
CHR_LIFEEXP,meaning_cesi,State fixed effects,-0.06771966775123561,0.03374688308452227,0.05193605923080585,1540,39,1,County Health Rankings & Roadmaps 2025,Life Expectancy,Years,Better health / greater longevity
CHR_MVC_DEATHS,practice_cesi,OLS,0.0742675060649807,0.018407576525512576,5.680716747907523e-5,1952,38,0.0015337935219350313,County Health Rankings & Roadmaps 2025,Motor Vehicle Crash Deaths,"Deaths per 100,000",Worse health / higher mortality
CHR_MVC_DEATHS,practice_cesi,State fixed effects,0.03813251870952127,0.029311738105468277,0.2013262693791445,1952,38,1,County Health Rankings & Roadmaps 2025,Motor Vehicle Crash Deaths,"Deaths per 100,000",Worse health / higher mortality
CHR_MVC_DEATHS,meaning_cesi,OLS,0.22454258996381066,0.019085222054344174,1.2094272658100414e-30,1524,39,4.595823610078157e-29,County Health Rankings & Roadmaps 2025,Motor Vehicle Crash Deaths,"Deaths per 100,000",Worse health / higher mortality
CHR_MVC_DEATHS,meaning_cesi,State fixed effects,0.16401012912794533,0.049041205780604676,0.0018644769866265143,1524,39,0.065256694531928,County Health Rankings & Roadmaps 2025,Motor Vehicle Crash Deaths,"Deaths per 100,000",Worse health / higher mortality
CHR_OVERDOSE_DEATHS,practice_cesi,OLS,-0.16961548986340602,0.029684614920079185,1.3323569449116943e-8,1489,38,4.796485001682099e-7,County Health Rankings & Roadmaps 2025,Drug Overdose Deaths,"Deaths per 100,000",Worse health / higher mortality
CHR_OVERDOSE_DEATHS,practice_cesi,State fixed effects,-0.11696039171539381,0.042533189029418786,0.009169388186580528,1489,38,0.25674286922425477,County Health Rankings & Roadmaps 2025,Drug Overdose Deaths,"Deaths per 100,000",Worse health / higher mortality
CHR_OVERDOSE_DEATHS,meaning_cesi,OLS,-0.14137542716179569,0.031809659719334235,9.554309793035519e-6,1322,39,1.528689566885683e-4,County Health Rankings & Roadmaps 2025,Drug Overdose Deaths,"Deaths per 100,000",Worse health / higher mortality
CHR_OVERDOSE_DEATHS,meaning_cesi,State fixed effects,-0.08206209051905324,0.032806888075686914,0.01679790081481355,1322,39,0.46953755947226405,County Health Rankings & Roadmaps 2025,Drug Overdose Deaths,"Deaths per 100,000",Worse health / higher mortality
CHR_PREMATURE_AAM,practice_cesi,OLS,-0.06875163400554798,0.0167335960704874,4.13427700943829e-5,2096,38,0.0011575975626427213,County Health Rankings & Roadmaps 2025,Premature Age-Adjusted Mortality,"Deaths per 100,000 (age-adjusted)",Worse health / higher mortality
CHR_PREMATURE_AAM,practice_cesi,State fixed effects,-0.06338467198992545,0.0313068870915822,0.0501686116236757,2096,38,1,County Health Rankings & Roadmaps 2025,Premature Age-Adjusted Mortality,"Deaths per 100,000 (age-adjusted)",Worse health / higher mortality
CHR_PREMATURE_AAM,meaning_cesi,OLS,0.11214772859449164,0.01813397303811243,7.979337157004011e-10,1540,39,1.9150409176809625e-8,County Health Rankings & Roadmaps 2025,Premature Age-Adjusted Mortality,"Deaths per 100,000 (age-adjusted)",Worse health / higher mortality
CHR_PREMATURE_AAM,meaning_cesi,State fixed effects,0.06406286430208123,0.03626661045027792,0.08535432516341375,1540,39,1,County Health Rankings & Roadmaps 2025,Premature Age-Adjusted Mortality,"Deaths per 100,000 (age-adjusted)",Worse health / higher mortality
CHR_PREMATURE_DEATH,practice_cesi,OLS,-0.06727235687238019,0.018571667688449138,2.9894817024309734e-4,2096,38,0.007473704256077434,County Health Rankings & Roadmaps 2025,Premature Death,"Years of potential life lost before age 75 per 100,000 (age-adjusted)",Worse health / higher mortality burden
CHR_PREMATURE_DEATH,practice_cesi,State fixed effects,-0.046737949628065115,0.0379305090933466,0.22564780371302104,2096,38,1,County Health Rankings & Roadmaps 2025,Premature Death,"Years of potential life lost before age 75 per 100,000 (age-adjusted)",Worse health / higher mortality burden
CHR_PREMATURE_DEATH,meaning_cesi,OLS,0.11542197135855957,0.020060151832837464,1.0518073798362671e-8,1540,39,2.1036147596725343e-7,County Health Rankings & Roadmaps 2025,Premature Death,"Years of potential life lost before age 75 per 100,000 (age-adjusted)",Worse health / higher mortality burden
CHR_PREMATURE_DEATH,meaning_cesi,State fixed effects,0.06046860147197191,0.04603794300837707,0.1969064918541073,1540,39,1,County Health Rankings & Roadmaps 2025,Premature Death,"Years of potential life lost before age 75 per 100,000 (age-adjusted)",Worse health / higher mortality burden
CHR_SUICIDES,practice_cesi,OLS,-0.11298282185547166,0.02364907815369353,1.919186006259119e-6,1805,38,6.14139522002918e-5,County Health Rankings & Roadmaps 2025,Suicide Mortality,"Deaths per 100,000 (age-adjusted)",Worse health / higher mortality
CHR_SUICIDES,practice_cesi,State fixed effects,-0.06543460992048125,0.040222834585512936,0.11226693412035749,1805,38,1,County Health Rankings & Roadmaps 2025,Suicide Mortality,"Deaths per 100,000 (age-adjusted)",Worse health / higher mortality
CHR_SUICIDES,meaning_cesi,OLS,-0.15666562830246,0.026816321663171203,6.322518278367001e-9,1490,39,1.3277288384570702e-7,County Health Rankings & Roadmaps 2025,Suicide Mortality,"Deaths per 100,000 (age-adjusted)",Worse health / higher mortality
CHR_SUICIDES,meaning_cesi,State fixed effects,-0.013220841697620573,0.04497475466341516,0.770387124341589,1490,39,1,County Health Rankings & Roadmaps 2025,Suicide Mortality,"Deaths per 100,000 (age-adjusted)",Worse health / higher mortality
CHR_HIV_PREVALENCE,practice_cesi,OLS,-0.16008606588444155,0.02007044095343815,2.5824226335565224e-15,1907,38,1.0846175060937395e-13,County Health Rankings & Roadmaps 2025,HIV Prevalence,"People living with diagnosed HIV per 100,000 age 13+",Higher infectious-disease burden
CHR_HIV_PREVALENCE,practice_cesi,State fixed effects,-0.23767721956183166,0.048250549939420274,1.773206374076513e-5,1907,38,6.915504858898401e-4,County Health Rankings & Roadmaps 2025,HIV Prevalence,"People living with diagnosed HIV per 100,000 age 13+",Higher infectious-disease burden
CHR_HIV_PREVALENCE,meaning_cesi,OLS,0.2102728221971899,0.021998453841616115,4.717948609747551e-21,1499,38,1.5569230412166918e-19,County Health Rankings & Roadmaps 2025,HIV Prevalence,"People living with diagnosed HIV per 100,000 age 13+",Higher infectious-disease burden
CHR_HIV_PREVALENCE,meaning_cesi,State fixed effects,0.1199607214582623,0.045236298684275186,0.011717323444410488,1499,38,0.3398023798879041,County Health Rankings & Roadmaps 2025,HIV Prevalence,"People living with diagnosed HIV per 100,000 age 13+",Higher infectious-disease burden
CHR_LOW_BIRTH_WEIGHT,practice_cesi,OLS,-0.10187316945647927,0.021136430124140272,1.5412086497120613e-6,2084,38,5.0859885440498024e-5,County Health Rankings & Roadmaps 2025,Low Birth Weight,Proportion of live births,Worse population health
CHR_LOW_BIRTH_WEIGHT,practice_cesi,State fixed effects,-0.16513469789029472,0.03142682278156019,6.4086088368864846e-6,2084,38,2.6275296231234585e-4,County Health Rankings & Roadmaps 2025,Low Birth Weight,Proportion of live births,Worse population health
CHR_LOW_BIRTH_WEIGHT,meaning_cesi,OLS,0.3882014086938253,0.022189109647292423,1.2555196366916051e-62,1540,39,5.273182474104741e-61,County Health Rankings & Roadmaps 2025,Low Birth Weight,Proportion of live births,Worse population health
CHR_LOW_BIRTH_WEIGHT,meaning_cesi,State fixed effects,0.18068160946159334,0.058156980646613725,0.0035696673819123324,1540,39,0.1213686909850193,County Health Rankings & Roadmaps 2025,Low Birth Weight,Proportion of live births,Worse population health
CHR_STI,practice_cesi,OLS,-0.158458901680644,0.018576309014845804,2.772126874023784e-17,2083,38,1.1920145558302272e-15,County Health Rankings & Roadmaps 2025,Sexually Transmitted Infections,"Diagnosed cases per 100,000",Higher infectious-disease burden
CHR_STI,practice_cesi,State fixed effects,-0.17981114174878668,0.03451992668297991,7.385149313467741e-6,2083,38,2.9540597253870966e-4,County Health Rankings & Roadmaps 2025,Sexually Transmitted Infections,"Diagnosed cases per 100,000",Higher infectious-disease burden
CHR_STI,meaning_cesi,OLS,0.3719405699865356,0.020319857496849714,7.660622460761999e-68,1539,39,3.2940676581276594e-66,County Health Rankings & Roadmaps 2025,Sexually Transmitted Infections,"Diagnosed cases per 100,000",Higher infectious-disease burden
CHR_STI,meaning_cesi,State fixed effects,0.18316447466658314,0.04169526144090405,8.658555091088531e-5,1539,39,0.003636593138257183,County Health Rankings & Roadmaps 2025,Sexually Transmitted Infections,"Diagnosed cases per 100,000",Higher infectious-disease burden
CHR_TEEN_BIRTHS,practice_cesi,OLS,0.05323480193429977,0.0165476129168027,0.0013153375006799565,2050,38,0.028937425014959044,County Health Rankings & Roadmaps 2025,Teen Births,"Births per 1,000 females ages 15-19",Higher reproductive-health risk
CHR_TEEN_BIRTHS,practice_cesi,State fixed effects,0.04904332982852186,0.03451993749468027,0.16376986259901635,2050,38,1,County Health Rankings & Roadmaps 2025,Teen Births,"Births per 1,000 females ages 15-19",Higher reproductive-health risk
CHR_TEEN_BIRTHS,meaning_cesi,OLS,0.04745639801877292,0.01866953152870786,0.011122428414658249,1539,39,0.11122428414658249,County Health Rankings & Roadmaps 2025,Teen Births,"Births per 1,000 females ages 15-19",Higher reproductive-health risk
CHR_TEEN_BIRTHS,meaning_cesi,State fixed effects,0.037559764292738856,0.032917785160609773,0.26100272559995513,1539,39,1,County Health Rankings & Roadmaps 2025,Teen Births,"Births per 1,000 females ages 15-19",Higher reproductive-health risk
