outcome_id,cesi_measure,effect,beta,standard_error,p,n,n_states,p_holm,source,outcome,native_unit,higher_value_interpretation
COGNITION,practice_cesi,Within state,0.03851590225403802,0.01065805306988664,3.089228767823168e-4,2116,38,0.00864984054990487,CDC PLACES 2024,Cognitive Disability,Age-adjusted percentage of adults,Worse health / higher risk prevalence
COGNITION,practice_cesi,Between states,0.006715316179212966,0.061817015302835454,0.9140700783311277,2116,38,1,CDC PLACES 2024,Cognitive Disability,Age-adjusted percentage of adults,Worse health / higher risk prevalence
COGNITION,meaning_cesi,Within state,-0.0504164009021817,0.012139930894912351,3.464724957642217e-5,1540,39,8.86931552694652e-4,CDC PLACES 2024,Cognitive Disability,Age-adjusted percentage of adults,Worse health / higher risk prevalence
COGNITION,meaning_cesi,Between states,-0.0773505482307527,0.06076774368831685,0.21044208061074354,1540,39,1,CDC PLACES 2024,Cognitive Disability,Age-adjusted percentage of adults,Worse health / higher risk prevalence
DISABILITY,practice_cesi,Within state,0.006022669405509195,0.009276123914367366,0.5162383740054233,2116,38,1,CDC PLACES 2024,Any Disability,Age-adjusted percentage of adults,Worse health / higher risk prevalence
DISABILITY,practice_cesi,Between states,0.01585497732664089,0.06560553551952912,0.8104154620859992,2116,38,1,CDC PLACES 2024,Any Disability,Age-adjusted percentage of adults,Worse health / higher risk prevalence
DISABILITY,meaning_cesi,Within state,-0.03288012095779744,0.010390808036895124,0.001585243999433431,1540,39,0.03011963598923519,CDC PLACES 2024,Any Disability,Age-adjusted percentage of adults,Worse health / higher risk prevalence
DISABILITY,meaning_cesi,Between states,0.003464466859990114,0.06511194942802452,0.9578470686593539,1540,39,1,CDC PLACES 2024,Any Disability,Age-adjusted percentage of adults,Worse health / higher risk prevalence
HEARING,practice_cesi,Within state,0.02537081761836638,0.010765992820589527,0.018536867489064673,2116,38,0.37073734978129347,CDC PLACES 2024,Hearing Disability,Age-adjusted percentage of adults,Worse health / higher risk prevalence
HEARING,practice_cesi,Between states,-0.11910239748266274,0.07868244598620927,0.13859838238043617,2116,38,1,CDC PLACES 2024,Hearing Disability,Age-adjusted percentage of adults,Worse health / higher risk prevalence
HEARING,meaning_cesi,Within state,-0.14067734368012016,0.011716211536239363,8.682814798038211e-32,1540,39,3.820438511136813e-30,CDC PLACES 2024,Hearing Disability,Age-adjusted percentage of adults,Worse health / higher risk prevalence
HEARING,meaning_cesi,Between states,-0.17519714473066425,0.08518938998788426,0.0466024491914972,1540,39,1,CDC PLACES 2024,Hearing Disability,Age-adjusted percentage of adults,Worse health / higher risk prevalence
INDEPLIVE,practice_cesi,Within state,-0.0019755264567125957,0.010785305039169921,0.8546837467770677,2116,38,1,CDC PLACES 2024,Independent Living Disability,Age-adjusted percentage of adults,Worse health / higher risk prevalence
INDEPLIVE,practice_cesi,Between states,-0.0018349655172221794,0.04160135299601283,0.9650432603887481,2116,38,1,CDC PLACES 2024,Independent Living Disability,Age-adjusted percentage of adults,Worse health / higher risk prevalence
INDEPLIVE,meaning_cesi,Within state,-0.017520659042695598,0.012086539790169595,0.14737427391781904,1540,39,1,CDC PLACES 2024,Independent Living Disability,Age-adjusted percentage of adults,Worse health / higher risk prevalence
INDEPLIVE,meaning_cesi,Between states,-0.024215482445405393,0.04001749556293271,0.548457147614855,1540,39,1,CDC PLACES 2024,Independent Living Disability,Age-adjusted percentage of adults,Worse health / higher risk prevalence
MOBILITY,practice_cesi,Within state,-0.010993384869627584,0.009011727988971487,0.22264197693749777,2116,38,1,CDC PLACES 2024,Mobility Disability,Age-adjusted percentage of adults,Worse health / higher risk prevalence
MOBILITY,practice_cesi,Between states,0.05969654356955059,0.052668998298438616,0.2642749842916281,2116,38,1,CDC PLACES 2024,Mobility Disability,Age-adjusted percentage of adults,Worse health / higher risk prevalence
MOBILITY,meaning_cesi,Within state,-0.021181054359483715,0.010130435834070315,0.03670883860083416,1540,39,0.4037972246091758,CDC PLACES 2024,Mobility Disability,Age-adjusted percentage of adults,Worse health / higher risk prevalence
MOBILITY,meaning_cesi,Between states,0.0887043132032505,0.05198729731169671,0.09591710672720044,1540,39,1,CDC PLACES 2024,Mobility Disability,Age-adjusted percentage of adults,Worse health / higher risk prevalence
SELFCARE,practice_cesi,Within state,-0.03972377372677377,0.010205993404329516,1.0245840704151624e-4,2116,38,0.003073752211245487,CDC PLACES 2024,Self-care Disability,Age-adjusted percentage of adults,Worse health / higher risk prevalence
SELFCARE,practice_cesi,Between states,-0.04365348310091404,0.03201779351078375,0.18071706062052506,2116,38,1,CDC PLACES 2024,Self-care Disability,Age-adjusted percentage of adults,Worse health / higher risk prevalence
SELFCARE,meaning_cesi,Within state,-0.02916536733172624,0.011370202040183084,0.010409855559552518,1540,39,0.15614783339328778,CDC PLACES 2024,Self-care Disability,Age-adjusted percentage of adults,Worse health / higher risk prevalence
SELFCARE,meaning_cesi,Between states,-0.009364330553325959,0.03614914557905662,0.7971299081950601,1540,39,1,CDC PLACES 2024,Self-care Disability,Age-adjusted percentage of adults,Worse health / higher risk prevalence
VISION,practice_cesi,Within state,0.002053076314995492,0.009105066870366616,0.8216223551804767,2116,38,1,CDC PLACES 2024,Vision Disability,Age-adjusted percentage of adults,Worse health / higher risk prevalence
VISION,practice_cesi,Between states,-0.024613164773273976,0.0282568790520628,0.389266113638562,2116,38,1,CDC PLACES 2024,Vision Disability,Age-adjusted percentage of adults,Worse health / higher risk prevalence
VISION,meaning_cesi,Within state,-0.07461612902338999,0.01010606481965834,2.5224623557216244e-13,1540,39,9.33311071617001e-12,CDC PLACES 2024,Vision Disability,Age-adjusted percentage of adults,Worse health / higher risk prevalence
VISION,meaning_cesi,Between states,-0.0489829897446295,0.03314239462729097,0.14863035437649044,1540,39,1,CDC PLACES 2024,Vision Disability,Age-adjusted percentage of adults,Worse health / higher risk prevalence
ARTHRITIS,practice_cesi,Within state,-0.051601659422702895,0.009128180593196629,1.7939290455415697e-8,2116,38,6.458144563949651e-7,CDC PLACES 2024,Arthritis,Age-adjusted percentage of adults,Worse health / higher risk prevalence
ARTHRITIS,practice_cesi,Between states,-0.018378401092294452,0.0920573124059206,0.8428455822665657,2116,38,1,CDC PLACES 2024,Arthritis,Age-adjusted percentage of adults,Worse health / higher risk prevalence
ARTHRITIS,meaning_cesi,Within state,0.04422483454106194,0.010639603445844503,3.411275202671738e-5,1540,39,8.86931552694652e-4,CDC PLACES 2024,Arthritis,Age-adjusted percentage of adults,Worse health / higher risk prevalence
ARTHRITIS,meaning_cesi,Between states,0.21292031315424506,0.0853417658293767,0.01694820947580827,1540,39,0.5084462842742481,CDC PLACES 2024,Arthritis,Age-adjusted percentage of adults,Worse health / higher risk prevalence
BPHIGH,practice_cesi,Within state,-0.07190093590575736,0.008275835731738276,7.480992098567936e-18,2052,37,3.0672067604128536e-16,CDC PLACES 2024,High Blood Pressure,Age-adjusted percentage of adults,Worse health / higher risk prevalence
BPHIGH,practice_cesi,Between states,0.2094243240403877,0.09008332339290105,0.025682696759686884,2052,37,0.9502597801084147,CDC PLACES 2024,High Blood Pressure,Age-adjusted percentage of adults,Worse health / higher risk prevalence
BPHIGH,meaning_cesi,Within state,0.09107658410070088,0.009529320604232287,4.908819944464123e-21,1487,38,2.1107925761195728e-19,CDC PLACES 2024,High Blood Pressure,Age-adjusted percentage of adults,Worse health / higher risk prevalence
BPHIGH,meaning_cesi,Between states,0.4541210918503431,0.06997310761953551,1.2292029724397557e-7,1487,38,5.28557278149095e-6,CDC PLACES 2024,High Blood Pressure,Age-adjusted percentage of adults,Worse health / higher risk prevalence
CANCER,practice_cesi,Within state,-0.013554342350873329,0.007485584920895353,0.07032748999536997,2116,38,1,CDC PLACES 2024,Cancer (non-skin) or Melanoma,Age-adjusted percentage of adults,Worse health / higher risk prevalence
CANCER,practice_cesi,Between states,0.10250454801908808,0.05808541372843087,0.08559500063128712,2116,38,1,CDC PLACES 2024,Cancer (non-skin) or Melanoma,Age-adjusted percentage of adults,Worse health / higher risk prevalence
CANCER,meaning_cesi,Within state,-0.01867038226239054,0.008144384030464026,0.02201820359621571,1540,39,0.28623664675080424,CDC PLACES 2024,Cancer (non-skin) or Melanoma,Age-adjusted percentage of adults,Worse health / higher risk prevalence
CANCER,meaning_cesi,Between states,-0.016610889099836587,0.06486018042239566,0.7992058957542576,1540,39,1,CDC PLACES 2024,Cancer (non-skin) or Melanoma,Age-adjusted percentage of adults,Worse health / higher risk prevalence
CASTHMA,practice_cesi,Within state,-0.032440582158582996,0.012281344398349695,0.008316978375675792,2116,38,0.1944990574667204,CDC PLACES 2024,Current Asthma,Age-adjusted percentage of adults,Worse health / higher risk prevalence
CASTHMA,practice_cesi,Between states,-0.36767060202697754,0.11447316603866432,0.0026865751673058654,2116,38,0.11283615702684635,CDC PLACES 2024,Current Asthma,Age-adjusted percentage of adults,Worse health / higher risk prevalence
CASTHMA,meaning_cesi,Within state,0.08820930081089651,0.014463916411723607,1.3570151887738905e-9,1540,39,4.4781501229538385e-8,CDC PLACES 2024,Current Asthma,Age-adjusted percentage of adults,Worse health / higher risk prevalence
CASTHMA,meaning_cesi,Between states,-0.396316813185997,0.11840544352311584,0.0018055676389430808,1540,39,0.06500043500195091,CDC PLACES 2024,Current Asthma,Age-adjusted percentage of adults,Worse health / higher risk prevalence
CHD,practice_cesi,Within state,-0.014436976664134103,0.010605129234144466,0.17355987804107115,2116,38,1,CDC PLACES 2024,Coronary Heart Disease,Age-adjusted percentage of adults,Worse health / higher risk prevalence
CHD,practice_cesi,Between states,-0.002745842296693027,0.0578037141357653,0.9623629913867563,2116,38,1,CDC PLACES 2024,Coronary Heart Disease,Age-adjusted percentage of adults,Worse health / higher risk prevalence
CHD,meaning_cesi,Within state,-0.07484584607827374,0.011822840795258348,3.20663532477397e-10,1540,39,1.1223223636708895e-8,CDC PLACES 2024,Coronary Heart Disease,Age-adjusted percentage of adults,Worse health / higher risk prevalence
CHD,meaning_cesi,Between states,0.003696519705809928,0.058715950865479496,0.9501182374183795,1540,39,1,CDC PLACES 2024,Coronary Heart Disease,Age-adjusted percentage of adults,Worse health / higher risk prevalence
COPD,practice_cesi,Within state,-9.441735661751002e-4,0.010408162782099977,0.9277280016632767,2116,38,1,CDC PLACES 2024,COPD,Age-adjusted percentage of adults,Worse health / higher risk prevalence
COPD,practice_cesi,Between states,0.004416973987652406,0.06150823916517075,0.9431227486472062,2116,38,1,CDC PLACES 2024,COPD,Age-adjusted percentage of adults,Worse health / higher risk prevalence
COPD,meaning_cesi,Within state,0.012082714118324499,0.01211537554153964,0.3187755732388275,1540,39,1,CDC PLACES 2024,COPD,Age-adjusted percentage of adults,Worse health / higher risk prevalence
COPD,meaning_cesi,Between states,0.07154592440583667,0.06027449453040404,0.24210920800916713,1540,39,1,CDC PLACES 2024,COPD,Age-adjusted percentage of adults,Worse health / higher risk prevalence
DEPRESSION,practice_cesi,Within state,-0.004989164863356312,0.008038595628525397,0.534897099438187,2116,38,1,CDC PLACES 2024,Depression,Age-adjusted percentage of adults,Worse health / higher risk prevalence
DEPRESSION,practice_cesi,Between states,-0.049531164008876964,0.10692125434212776,0.6458091488312466,2116,38,1,CDC PLACES 2024,Depression,Age-adjusted percentage of adults,Worse health / higher risk prevalence
DEPRESSION,meaning_cesi,Within state,-0.03851575027954584,0.009651646376957044,6.907857808060315e-5,1540,39,0.0016578858739344756,CDC PLACES 2024,Depression,Age-adjusted percentage of adults,Worse health / higher risk prevalence
DEPRESSION,meaning_cesi,Between states,-0.12481836627994021,0.11032510357691117,0.2647206409646775,1540,39,1,CDC PLACES 2024,Depression,Age-adjusted percentage of adults,Worse health / higher risk prevalence
DIABETES,practice_cesi,Within state,-0.031084164901773924,0.007033725986182451,1.04117726009159e-5,2116,38,3.4358849583022473e-4,CDC PLACES 2024,Diabetes,Age-adjusted percentage of adults,Worse health / higher risk prevalence
DIABETES,practice_cesi,Between states,0.1342021513269472,0.07055615652543613,0.06512650978245894,2116,38,1,CDC PLACES 2024,Diabetes,Age-adjusted percentage of adults,Worse health / higher risk prevalence
DIABETES,meaning_cesi,Within state,-0.0288464619771413,0.00802835021048443,3.3731520754428865e-4,1540,39,0.007758249773518639,CDC PLACES 2024,Diabetes,Age-adjusted percentage of adults,Worse health / higher risk prevalence
DIABETES,meaning_cesi,Between states,0.18846396209530672,0.07374422969554834,0.014768596832444194,1540,39,0.4725950986382142,CDC PLACES 2024,Diabetes,Age-adjusted percentage of adults,Worse health / higher risk prevalence
HIGHCHOL,practice_cesi,Within state,0.031654580402187875,0.011545958545437834,0.00616775210170768,2052,37,0.1603615546443997,CDC PLACES 2024,High Cholesterol,Age-adjusted percentage of adults,Worse health / higher risk prevalence
HIGHCHOL,practice_cesi,Between states,0.400112566518644,0.09570979694404709,1.6999786850260506e-4,2052,37,0.0074799062141146224,CDC PLACES 2024,High Cholesterol,Age-adjusted percentage of adults,Worse health / higher risk prevalence
HIGHCHOL,meaning_cesi,Within state,-0.043373739384458425,0.015285554855489745,0.004608811985221255,1487,38,0.0829586157339826,CDC PLACES 2024,High Cholesterol,Age-adjusted percentage of adults,Worse health / higher risk prevalence
HIGHCHOL,meaning_cesi,Between states,0.3890268010761357,0.10907088285911301,9.978122969972847e-4,1487,38,0.03691905498889953,CDC PLACES 2024,High Cholesterol,Age-adjusted percentage of adults,Worse health / higher risk prevalence
OBESITY,practice_cesi,Within state,-0.01275009585075525,0.013005293072251881,0.32701397128549725,2116,38,1,CDC PLACES 2024,Obesity,Age-adjusted percentage of adults,Worse health / higher risk prevalence
OBESITY,practice_cesi,Between states,0.018774818401769353,0.10938127545284135,0.8646773314552234,2116,38,1,CDC PLACES 2024,Obesity,Age-adjusted percentage of adults,Worse health / higher risk prevalence
OBESITY,meaning_cesi,Within state,0.06332209647575004,0.014972163863030784,2.484641494409522e-5,1540,39,6.70853203490571e-4,CDC PLACES 2024,Obesity,Age-adjusted percentage of adults,Worse health / higher risk prevalence
OBESITY,meaning_cesi,Between states,0.24454468193504045,0.10094248700019018,0.020335083375298338,1540,39,0.5693823345083535,CDC PLACES 2024,Obesity,Age-adjusted percentage of adults,Worse health / higher risk prevalence
STROKE,practice_cesi,Within state,-0.0587826278492655,0.011107903078660589,1.337060525992872e-7,2116,38,4.679711840975052e-6,CDC PLACES 2024,Stroke,Age-adjusted percentage of adults,Worse health / higher risk prevalence
STROKE,practice_cesi,Between states,-0.007479293342660874,0.04278086684135572,0.8620988559487475,2116,38,1,CDC PLACES 2024,Stroke,Age-adjusted percentage of adults,Worse health / higher risk prevalence
STROKE,meaning_cesi,Within state,0.0424702648425393,0.012580976092371575,7.544923932996756e-4,1540,39,0.01584434025929319,CDC PLACES 2024,Stroke,Age-adjusted percentage of adults,Worse health / higher risk prevalence
STROKE,meaning_cesi,Between states,0.10525933718795324,0.03792826048753475,0.008220235260690633,1540,39,0.2712677636027909,CDC PLACES 2024,Stroke,Age-adjusted percentage of adults,Worse health / higher risk prevalence
TEETHLOST,practice_cesi,Within state,-0.023292352998635378,0.014157147957969289,0.10006456827084412,2116,38,1,CDC PLACES 2024,All Teeth Lost,Age-adjusted percentage of adults,Worse health / higher risk prevalence
TEETHLOST,practice_cesi,Between states,-0.03377691836814969,0.05226708916385903,0.5219063819347501,2116,38,1,CDC PLACES 2024,All Teeth Lost,Age-adjusted percentage of adults,Worse health / higher risk prevalence
TEETHLOST,meaning_cesi,Within state,0.027206011363234892,0.016570011498980117,0.10081927235555099,1540,39,0.8065541788444079,CDC PLACES 2024,All Teeth Lost,Age-adjusted percentage of adults,Worse health / higher risk prevalence
TEETHLOST,meaning_cesi,Between states,-0.0071087565632155505,0.053832164247553736,0.8955829164767907,1540,39,1,CDC PLACES 2024,All Teeth Lost,Age-adjusted percentage of adults,Worse health / higher risk prevalence
BINGE,practice_cesi,Within state,0.011233199304326206,0.0075633718506136404,0.1376398190726439,2116,38,1,CDC PLACES 2024,Binge Drinking,Age-adjusted percentage of adults,Worse health / higher risk prevalence
BINGE,practice_cesi,Between states,-0.280875235246515,0.10586498387916292,0.011763223008221193,2116,38,0.4705289203288477,CDC PLACES 2024,Binge Drinking,Age-adjusted percentage of adults,Worse health / higher risk prevalence
BINGE,meaning_cesi,Within state,-0.02445364559399236,0.00986484177837247,0.013288989494297439,1540,39,0.18604585292016415,CDC PLACES 2024,Binge Drinking,Age-adjusted percentage of adults,Worse health / higher risk prevalence
BINGE,meaning_cesi,Between states,-0.20187016205186326,0.12400396143879949,0.1118880710602286,1540,39,1,CDC PLACES 2024,Binge Drinking,Age-adjusted percentage of adults,Worse health / higher risk prevalence
CSMOKING,practice_cesi,Within state,0.009339467409437812,0.011921704198180854,0.4334811399408808,2116,38,1,CDC PLACES 2024,Current Cigarette Smoking,Age-adjusted percentage of adults,Worse health / higher risk prevalence
CSMOKING,practice_cesi,Between states,-0.14379067251250624,0.0657788964352227,0.034923674510591654,2116,38,1,CDC PLACES 2024,Current Cigarette Smoking,Age-adjusted percentage of adults,Worse health / higher risk prevalence
CSMOKING,meaning_cesi,Within state,0.024985520282759736,0.013535496790118576,0.06509764189015618,1540,39,0.6509764189015619,CDC PLACES 2024,Current Cigarette Smoking,Age-adjusted percentage of adults,Worse health / higher risk prevalence
CSMOKING,meaning_cesi,Between states,0.01557670369793255,0.07366464416700262,0.8336136232227154,1540,39,1,CDC PLACES 2024,Current Cigarette Smoking,Age-adjusted percentage of adults,Worse health / higher risk prevalence
LPA,practice_cesi,Within state,0.034513815332184374,0.009990901216466041,5.623215946501986e-4,2116,38,0.015182683055555363,CDC PLACES 2024,Physical Inactivity,Age-adjusted percentage of adults,Worse health / higher risk prevalence
LPA,practice_cesi,Between states,0.025424056325533753,0.06805347444109106,0.7109373685210633,2116,38,1,CDC PLACES 2024,Physical Inactivity,Age-adjusted percentage of adults,Worse health / higher risk prevalence
LPA,meaning_cesi,Within state,-0.02434696446338666,0.01122063408012438,0.03017430637656213,1540,39,0.3620916765187456,CDC PLACES 2024,Physical Inactivity,Age-adjusted percentage of adults,Worse health / higher risk prevalence
LPA,meaning_cesi,Between states,0.10248516012696657,0.0695330602914134,0.14897582196355183,1540,39,1,CDC PLACES 2024,Physical Inactivity,Age-adjusted percentage of adults,Worse health / higher risk prevalence
SLEEP,practice_cesi,Within state,-0.048471113192206546,0.01234696815686691,8.927257995103122e-5,2116,38,0.0027674499784819677,CDC PLACES 2024,Short Sleep Duration,Age-adjusted percentage of adults,Worse health / higher risk prevalence
SLEEP,practice_cesi,Between states,0.161805614615027,0.07679826684867527,0.04190030125574863,2116,38,1,CDC PLACES 2024,Short Sleep Duration,Age-adjusted percentage of adults,Worse health / higher risk prevalence
SLEEP,meaning_cesi,Within state,0.08259771129127526,0.015438252389731694,1.0130568287005008e-7,1540,39,3.0391704861015024e-6,CDC PLACES 2024,Short Sleep Duration,Age-adjusted percentage of adults,Worse health / higher risk prevalence
SLEEP,meaning_cesi,Between states,0.11155172090442712,0.08073089091286684,0.17480920639260356,1540,39,1,CDC PLACES 2024,Short Sleep Duration,Age-adjusted percentage of adults,Worse health / higher risk prevalence
GHLTH,practice_cesi,Within state,0.0156307493540536,0.009291119807785584,0.09265447016952612,2116,38,1,CDC PLACES 2024,General Health,Age-adjusted percentage of adults,Worse health / higher risk prevalence
GHLTH,practice_cesi,Between states,0.04253348840569165,0.04751850698458195,0.3764974915018817,2116,38,1,CDC PLACES 2024,General Health,Age-adjusted percentage of adults,Worse health / higher risk prevalence
GHLTH,meaning_cesi,Within state,-0.059553630480328225,0.01042064384277191,1.3179497151398682e-8,1540,39,4.217439088447578e-7,CDC PLACES 2024,General Health,Age-adjusted percentage of adults,Worse health / higher risk prevalence
GHLTH,meaning_cesi,Between states,-0.019574560324461046,0.04821909531814007,0.6870319563949759,1540,39,1,CDC PLACES 2024,General Health,Age-adjusted percentage of adults,Worse health / higher risk prevalence
MHLTH,practice_cesi,Within state,0.0072020902522017165,0.010937072481142325,0.5102881102076213,2116,38,1,CDC PLACES 2024,Frequent Mental Distress,Age-adjusted percentage of adults,Worse health / higher risk prevalence
MHLTH,practice_cesi,Between states,-0.017300089850363257,0.07790469328397889,0.8254458678757506,2116,38,1,CDC PLACES 2024,Frequent Mental Distress,Age-adjusted percentage of adults,Worse health / higher risk prevalence
MHLTH,meaning_cesi,Within state,0.009548841392744863,0.012457099561371214,0.44347565056874527,1540,39,1,CDC PLACES 2024,Frequent Mental Distress,Age-adjusted percentage of adults,Worse health / higher risk prevalence
MHLTH,meaning_cesi,Between states,-0.07455916533544985,0.07734431717025518,0.3408778430033108,1540,39,1,CDC PLACES 2024,Frequent Mental Distress,Age-adjusted percentage of adults,Worse health / higher risk prevalence
PHLTH,practice_cesi,Within state,0.015217829243904336,0.010446306309395359,0.14533171032956932,2116,38,1,CDC PLACES 2024,Frequent Physical Distress,Age-adjusted percentage of adults,Worse health / higher risk prevalence
PHLTH,practice_cesi,Between states,0.009863674154530403,0.05642481499165262,0.8621737588188827,2116,38,1,CDC PLACES 2024,Frequent Physical Distress,Age-adjusted percentage of adults,Worse health / higher risk prevalence
PHLTH,meaning_cesi,Within state,-0.06695849543003306,0.011850647275457324,1.90923361682411e-8,1540,39,5.918624212154741e-7,CDC PLACES 2024,Frequent Physical Distress,Age-adjusted percentage of adults,Worse health / higher risk prevalence
PHLTH,meaning_cesi,Between states,-0.16289409206803945,0.05113566295562958,0.0028067745223379313,1540,39,0.09823710828182759,CDC PLACES 2024,Frequent Physical Distress,Age-adjusted percentage of adults,Worse health / higher risk prevalence
EMOTIONSPT,practice_cesi,Within state,-0.0051929012886918645,0.008054561978783367,0.5191826499771002,2116,38,1,CDC PLACES 2024,Lack of Social/Emotional Support,Age-adjusted percentage of adults,Worse health / higher risk prevalence
EMOTIONSPT,practice_cesi,Between states,0.07779831659710304,0.07861374957852593,0.3285943216243923,2116,38,1,CDC PLACES 2024,Lack of Social/Emotional Support,Age-adjusted percentage of adults,Worse health / higher risk prevalence
EMOTIONSPT,meaning_cesi,Within state,0.045956703930619146,0.00928132522158683,8.19124208065895e-7,1540,39,2.293547782584506e-5,CDC PLACES 2024,Lack of Social/Emotional Support,Age-adjusted percentage of adults,Worse health / higher risk prevalence
EMOTIONSPT,meaning_cesi,Between states,0.040886405702366936,0.08557820043910903,0.6354484555434035,1540,39,1,CDC PLACES 2024,Lack of Social/Emotional Support,Age-adjusted percentage of adults,Worse health / higher risk prevalence
ISOLATION,practice_cesi,Within state,-0.023953864738693684,0.012360851091780412,0.05277288015498836,2116,38,1,CDC PLACES 2024,Social Isolation,Age-adjusted percentage of adults,Worse health / higher risk prevalence
ISOLATION,practice_cesi,Between states,-0.20710078981198607,0.10666732764460954,0.059652637323307056,2116,38,1,CDC PLACES 2024,Social Isolation,Age-adjusted percentage of adults,Worse health / higher risk prevalence
ISOLATION,meaning_cesi,Within state,0.006641152742596779,0.015203837148917406,0.6623133193681401,1540,39,1,CDC PLACES 2024,Social Isolation,Age-adjusted percentage of adults,Worse health / higher risk prevalence
ISOLATION,meaning_cesi,Between states,-0.2018126486347667,0.12113870611541815,0.1037826735327571,1540,39,1,CDC PLACES 2024,Social Isolation,Age-adjusted percentage of adults,Worse health / higher risk prevalence
CHR_ALCOHOL_DRIVING_DEATHS,practice_cesi,Within state,0.031991510180050683,0.022874867859670585,0.1620987210928778,2108,38,1,County Health Rankings & Roadmaps 2025,Alcohol-Impaired Driving Deaths,Proportion of driving deaths involving alcohol impairment,Worse health / greater alcohol-related mortality burden
CHR_ALCOHOL_DRIVING_DEATHS,practice_cesi,Between states,-0.19561244021542543,0.05920250861465299,0.001954992868210751,2108,38,0.0840646933330623,County Health Rankings & Roadmaps 2025,Alcohol-Impaired Driving Deaths,Proportion of driving deaths involving alcohol impairment,Worse health / greater alcohol-related mortality burden
CHR_ALCOHOL_DRIVING_DEATHS,meaning_cesi,Within state,0.035889937179948976,0.026425470661339562,0.17461316827848045,1540,39,1,County Health Rankings & Roadmaps 2025,Alcohol-Impaired Driving Deaths,Proportion of driving deaths involving alcohol impairment,Worse health / greater alcohol-related mortality burden
CHR_ALCOHOL_DRIVING_DEATHS,meaning_cesi,Between states,-0.18875304663391,0.07705625580885375,0.01899750666252168,1540,39,0.5509276932131287,County Health Rankings & Roadmaps 2025,Alcohol-Impaired Driving Deaths,Proportion of driving deaths involving alcohol impairment,Worse health / greater alcohol-related mortality burden
CHR_CHILD_MORTALITY,practice_cesi,Within state,-0.09803216819583702,0.01996184070723989,1.0040595973060842e-6,1548,38,3.413802630840686e-5,County Health Rankings & Roadmaps 2025,Child Mortality,"Deaths under age 20 per 100,000",Worse health / higher mortality
CHR_CHILD_MORTALITY,practice_cesi,Between states,-8.07587192393792e-4,0.053617722129787423,0.9880601353164438,1548,38,1,County Health Rankings & Roadmaps 2025,Child Mortality,"Deaths under age 20 per 100,000",Worse health / higher mortality
CHR_CHILD_MORTALITY,meaning_cesi,Within state,0.1850691347702065,0.021063624231815285,4.490130028878711e-18,1387,39,1.8409533118402714e-16,County Health Rankings & Roadmaps 2025,Child Mortality,"Deaths under age 20 per 100,000",Worse health / higher mortality
CHR_CHILD_MORTALITY,meaning_cesi,Between states,0.29819798019720667,0.04446608773476283,1.6379150244121812e-7,1387,39,6.879243102531161e-6,County Health Rankings & Roadmaps 2025,Child Mortality,"Deaths under age 20 per 100,000",Worse health / higher mortality
CHR_FIREARM_FATALITIES,practice_cesi,Within state,-0.1472129306055677,0.018510473636577523,3.32671980081822e-15,1707,38,1.2974207223191058e-13,County Health Rankings & Roadmaps 2025,Firearm Fatalities,"Deaths per 100,000",Worse health / higher mortality
CHR_FIREARM_FATALITIES,practice_cesi,Between states,-0.04719182496290582,0.0797023495217059,0.5575853761701728,1707,38,1,County Health Rankings & Roadmaps 2025,Firearm Fatalities,"Deaths per 100,000",Worse health / higher mortality
CHR_FIREARM_FATALITIES,meaning_cesi,Within state,0.13210788566461348,0.020908243601177105,3.5256183013665226e-10,1442,39,1.1987102224646177e-8,County Health Rankings & Roadmaps 2025,Firearm Fatalities,"Deaths per 100,000",Worse health / higher mortality
CHR_FIREARM_FATALITIES,meaning_cesi,Between states,0.2087448889017587,0.09765226346380715,0.03991040749239479,1442,39,1,County Health Rankings & Roadmaps 2025,Firearm Fatalities,"Deaths per 100,000",Worse health / higher mortality
CHR_HOMICIDES,practice_cesi,Within state,-0.20412339376158214,0.02121358833757901,4.7016052230818765e-21,1064,38,1.974674193694388e-19,County Health Rankings & Roadmaps 2025,Homicide Mortality,"Deaths per 100,000",Worse health / higher mortality
CHR_HOMICIDES,practice_cesi,Between states,-0.08138129173336273,0.060002118555201295,0.1823325437880379,1064,38,1,County Health Rankings & Roadmaps 2025,Homicide Mortality,"Deaths per 100,000",Worse health / higher mortality
CHR_HOMICIDES,meaning_cesi,Within state,0.1961484612675471,0.024385804308438615,2.414466213638349e-15,1018,39,9.174971611825727e-14,County Health Rankings & Roadmaps 2025,Homicide Mortality,"Deaths per 100,000",Worse health / higher mortality
CHR_HOMICIDES,meaning_cesi,Between states,0.24756724326098453,0.06430414814546193,4.80464702410954e-4,1018,39,0.018257658691616253,County Health Rankings & Roadmaps 2025,Homicide Mortality,"Deaths per 100,000",Worse health / higher mortality
CHR_INFANT_MORTALITY,practice_cesi,Within state,-0.19787652209119197,0.024750025646424766,4.0908709395313945e-15,900,38,1.55453095702193e-13,County Health Rankings & Roadmaps 2025,Infant Mortality,"Deaths under age 1 per 1,000 live births",Worse health / higher mortality
CHR_INFANT_MORTALITY,practice_cesi,Between states,-0.05209543975454185,0.06143979153438982,0.4010725375373796,900,38,1,County Health Rankings & Roadmaps 2025,Infant Mortality,"Deaths under age 1 per 1,000 live births",Worse health / higher mortality
CHR_INFANT_MORTALITY,meaning_cesi,Within state,0.2231441124938132,0.026414490981631608,1.194715574572421e-16,893,39,4.6593907408324416e-15,County Health Rankings & Roadmaps 2025,Infant Mortality,"Deaths under age 1 per 1,000 live births",Worse health / higher mortality
CHR_INFANT_MORTALITY,meaning_cesi,Between states,0.3313269663486668,0.056751618789752115,9.531502752520061e-7,893,39,3.9079161285332254e-5,County Health Rankings & Roadmaps 2025,Infant Mortality,"Deaths under age 1 per 1,000 live births",Worse health / higher mortality
CHR_INJURY_DEATHS,practice_cesi,Within state,-0.108319189446216,0.018079238399102773,2.449879099335655e-9,2087,38,9.064552667541923e-8,County Health Rankings & Roadmaps 2025,Injury Deaths,"Deaths per 100,000",Worse health / higher mortality
CHR_INJURY_DEATHS,practice_cesi,Between states,-0.1570273839216411,0.06087672437118759,0.013533595991388387,2087,38,0.5278102436641471,County Health Rankings & Roadmaps 2025,Injury Deaths,"Deaths per 100,000",Worse health / higher mortality
CHR_INJURY_DEATHS,meaning_cesi,Within state,0.019902000622064497,0.020426373021648344,0.33004756417418235,1540,39,1,County Health Rankings & Roadmaps 2025,Injury Deaths,"Deaths per 100,000",Worse health / higher mortality
CHR_INJURY_DEATHS,meaning_cesi,Between states,-0.11511979589407746,0.07863006646285321,0.15115755073089607,1540,39,1,County Health Rankings & Roadmaps 2025,Injury Deaths,"Deaths per 100,000",Worse health / higher mortality
CHR_LIFEEXP,practice_cesi,Within state,0.03580453624004183,0.014057445653419471,0.010936848029833232,2090,38,0.2406106566563311,County Health Rankings & Roadmaps 2025,Life Expectancy,Years,Better health / greater longevity
CHR_LIFEEXP,practice_cesi,Between states,0.020511811242729536,0.04201075515455784,0.6278242102432592,2090,38,1,County Health Rankings & Roadmaps 2025,Life Expectancy,Years,Better health / greater longevity
CHR_LIFEEXP,meaning_cesi,Within state,-0.0512327972740132,0.014872079195515099,5.866404167083668e-4,1540,39,0.01290608916758407,County Health Rankings & Roadmaps 2025,Life Expectancy,Years,Better health / greater longevity
CHR_LIFEEXP,meaning_cesi,Between states,-0.12384008223276916,0.044439859205959165,0.00794815969792013,1540,39,0.2702374297292844,County Health Rankings & Roadmaps 2025,Life Expectancy,Years,Better health / greater longevity
CHR_MVC_DEATHS,practice_cesi,Within state,0.030364640614333503,0.015817612921513454,0.055046692295400025,1952,38,1,County Health Rankings & Roadmaps 2025,Motor Vehicle Crash Deaths,"Deaths per 100,000",Worse health / higher mortality
CHR_MVC_DEATHS,practice_cesi,Between states,0.11346826039479134,0.038595447401017974,0.005137073660098565,1952,38,0.21062002006404118,County Health Rankings & Roadmaps 2025,Motor Vehicle Crash Deaths,"Deaths per 100,000",Worse health / higher mortality
CHR_MVC_DEATHS,meaning_cesi,Within state,0.11763144426584976,0.016250247382894274,7.153617013208858e-13,1524,39,2.575302124755189e-11,County Health Rankings & Roadmaps 2025,Motor Vehicle Crash Deaths,"Deaths per 100,000",Worse health / higher mortality
CHR_MVC_DEATHS,meaning_cesi,Between states,0.28277113295624556,0.037369384231910927,3.729959414970384e-9,1524,39,1.6411821425869688e-7,County Health Rankings & Roadmaps 2025,Motor Vehicle Crash Deaths,"Deaths per 100,000",Worse health / higher mortality
CHR_OVERDOSE_DEATHS,practice_cesi,Within state,-0.0914545282816198,0.022473129551645373,4.963302961198612e-5,1489,38,0.0015882569475835558,County Health Rankings & Roadmaps 2025,Drug Overdose Deaths,"Deaths per 100,000",Worse health / higher mortality
CHR_OVERDOSE_DEATHS,practice_cesi,Between states,-0.1802442747721998,0.0753334579855505,0.021470881000678697,1489,38,0.8158934780257905,County Health Rankings & Roadmaps 2025,Drug Overdose Deaths,"Deaths per 100,000",Worse health / higher mortality
CHR_OVERDOSE_DEATHS,meaning_cesi,Within state,-0.0636007419461187,0.023874455154682415,0.007817255156150227,1322,39,0.12507608249840363,County Health Rankings & Roadmaps 2025,Drug Overdose Deaths,"Deaths per 100,000",Worse health / higher mortality
CHR_OVERDOSE_DEATHS,meaning_cesi,Between states,-0.21292441402671425,0.09359205171456972,0.028431393511168395,1322,39,0.7676476248015467,County Health Rankings & Roadmaps 2025,Drug Overdose Deaths,"Deaths per 100,000",Worse health / higher mortality
CHR_PREMATURE_AAM,practice_cesi,Within state,-0.05176394852269685,0.01386655349620987,1.9431371914441908e-4,2096,38,0.005635097855188153,County Health Rankings & Roadmaps 2025,Premature Age-Adjusted Mortality,"Deaths per 100,000 (age-adjusted)",Worse health / higher mortality
CHR_PREMATURE_AAM,practice_cesi,Between states,-0.010193509161527744,0.04162048471831011,0.8076880892527911,2096,38,1,County Health Rankings & Roadmaps 2025,Premature Age-Adjusted Mortality,"Deaths per 100,000 (age-adjusted)",Worse health / higher mortality
CHR_PREMATURE_AAM,meaning_cesi,Within state,0.047180076732110825,0.014829420983955068,0.0014943408274260307,1540,39,0.029886816548520614,County Health Rankings & Roadmaps 2025,Premature Age-Adjusted Mortality,"Deaths per 100,000 (age-adjusted)",Worse health / higher mortality
CHR_PREMATURE_AAM,meaning_cesi,Between states,0.1146126691958153,0.045225268023478135,0.015125101320775228,1540,39,0.4725950986382142,County Health Rankings & Roadmaps 2025,Premature Age-Adjusted Mortality,"Deaths per 100,000 (age-adjusted)",Worse health / higher mortality
CHR_PREMATURE_DEATH,practice_cesi,Within state,-0.038134712416014856,0.015300598806294015,0.012767130064405127,2096,38,0.26810973135250765,County Health Rankings & Roadmaps 2025,Premature Death,"Years of potential life lost before age 75 per 100,000 (age-adjusted)",Worse health / higher mortality burden
CHR_PREMATURE_DEATH,practice_cesi,Between states,-0.030545489201458262,0.045641309592720516,0.5068783158623373,2096,38,1,County Health Rankings & Roadmaps 2025,Premature Death,"Years of potential life lost before age 75 per 100,000 (age-adjusted)",Worse health / higher mortality burden
CHR_PREMATURE_DEATH,meaning_cesi,Within state,0.043959707275550285,0.016150373187294082,0.00656418776848771,1540,39,0.11159119206429108,County Health Rankings & Roadmaps 2025,Premature Death,"Years of potential life lost before age 75 per 100,000 (age-adjusted)",Worse health / higher mortality burden
CHR_PREMATURE_DEATH,meaning_cesi,Between states,0.1026523494087406,0.052198760540582624,0.05596384810390225,1540,39,1,County Health Rankings & Roadmaps 2025,Premature Death,"Years of potential life lost before age 75 per 100,000 (age-adjusted)",Worse health / higher mortality burden
CHR_SUICIDES,practice_cesi,Within state,-0.05301975774676438,0.019526660000783593,0.006686945099733896,1805,38,0.1671736274933474,County Health Rankings & Roadmaps 2025,Suicide Mortality,"Deaths per 100,000 (age-adjusted)",Worse health / higher mortality
CHR_SUICIDES,practice_cesi,Between states,-0.13331644777677176,0.08252068579405604,0.11533851987167704,1805,38,1,County Health Rankings & Roadmaps 2025,Suicide Mortality,"Deaths per 100,000 (age-adjusted)",Worse health / higher mortality
CHR_SUICIDES,meaning_cesi,Within state,-0.018608568408891177,0.02190112044998037,0.3956512858040122,1490,39,1,County Health Rankings & Roadmaps 2025,Suicide Mortality,"Deaths per 100,000 (age-adjusted)",Worse health / higher mortality
CHR_SUICIDES,meaning_cesi,Between states,-0.20920415494441655,0.11307837845951803,0.0728170175026773,1490,39,1,County Health Rankings & Roadmaps 2025,Suicide Mortality,"Deaths per 100,000 (age-adjusted)",Worse health / higher mortality
CHR_HIV_PREVALENCE,practice_cesi,Within state,-0.19052966881295547,0.015826715112882604,3.442803283357261e-32,1907,38,1.5148334446771949e-30,County Health Rankings & Roadmaps 2025,HIV Prevalence,"People living with diagnosed HIV per 100,000 age 13+",Higher infectious-disease burden
CHR_HIV_PREVALENCE,practice_cesi,Between states,0.033402917882430515,0.16668159037922187,0.8428543333731796,1907,38,1,County Health Rankings & Roadmaps 2025,HIV Prevalence,"People living with diagnosed HIV per 100,000 age 13+",Higher infectious-disease burden
CHR_HIV_PREVALENCE,meaning_cesi,Within state,0.09435113525251336,0.01836983286055842,3.1856808221027974e-7,1499,38,9.238474384098112e-6,County Health Rankings & Roadmaps 2025,HIV Prevalence,"People living with diagnosed HIV per 100,000 age 13+",Higher infectious-disease burden
CHR_HIV_PREVALENCE,meaning_cesi,Between states,0.1338812206156522,0.17836193417591195,0.46061304749073007,1499,38,1,County Health Rankings & Roadmaps 2025,HIV Prevalence,"People living with diagnosed HIV per 100,000 age 13+",Higher infectious-disease burden
CHR_LOW_BIRTH_WEIGHT,practice_cesi,Within state,-0.1324162453424534,0.015273245079855065,8.628521784510497e-18,2084,38,3.4514087138041987e-16,County Health Rankings & Roadmaps 2025,Low Birth Weight,Proportion of live births,Worse population health
CHR_LOW_BIRTH_WEIGHT,practice_cesi,Between states,0.04415634543995655,0.07313031943031915,0.5494156935615672,2084,38,1,County Health Rankings & Roadmaps 2025,Low Birth Weight,Proportion of live births,Worse population health
CHR_LOW_BIRTH_WEIGHT,meaning_cesi,Within state,0.1424778515354233,0.016263503658158398,5.069317740491346e-18,1540,39,2.0277270961965386e-16,County Health Rankings & Roadmaps 2025,Low Birth Weight,Proportion of live births,Worse population health
CHR_LOW_BIRTH_WEIGHT,meaning_cesi,Between states,0.3543024230854987,0.07036777465119513,1.1344473913232322e-5,1540,39,4.537789565292929e-4,County Health Rankings & Roadmaps 2025,Low Birth Weight,Proportion of live births,Worse population health
CHR_STI,practice_cesi,Within state,-0.14381558824691174,0.014134927434510393,9.357828326206714e-24,2083,38,4.023866180268887e-22,County Health Rankings & Roadmaps 2025,Sexually Transmitted Infections,"Diagnosed cases per 100,000",Higher infectious-disease burden
CHR_STI,practice_cesi,Between states,-0.057547540887556765,0.061270145468494526,0.35358235762070866,2083,38,1,County Health Rankings & Roadmaps 2025,Sexually Transmitted Infections,"Diagnosed cases per 100,000",Higher infectious-disease burden
CHR_STI,meaning_cesi,Within state,0.15018823476850351,0.01641090707995428,1.7353138152460494e-19,1539,39,7.288318024033407e-18,County Health Rankings & Roadmaps 2025,Sexually Transmitted Infections,"Diagnosed cases per 100,000",Higher infectious-disease burden
CHR_STI,meaning_cesi,Between states,0.25581489931450047,0.05359422278031345,2.9566448189948375e-5,1539,39,0.0011530914794079866,County Health Rankings & Roadmaps 2025,Sexually Transmitted Infections,"Diagnosed cases per 100,000",Higher infectious-disease burden
CHR_TEEN_BIRTHS,practice_cesi,Within state,0.03869692781593293,0.014600859393124022,0.008104127394446683,2050,38,0.1944990574667204,County Health Rankings & Roadmaps 2025,Teen Births,"Births per 1,000 females ages 15-19",Higher reproductive-health risk
CHR_TEEN_BIRTHS,practice_cesi,Between states,0.04411955165685502,0.0324885119059859,0.1813298592892647,2050,38,1,County Health Rankings & Roadmaps 2025,Teen Births,"Births per 1,000 females ages 15-19",Higher reproductive-health risk
CHR_TEEN_BIRTHS,meaning_cesi,Within state,0.02829493686772745,0.01618400742253907,0.0806068108709902,1539,39,0.7254612978389118,County Health Rankings & Roadmaps 2025,Teen Births,"Births per 1,000 females ages 15-19",Higher reproductive-health risk
CHR_TEEN_BIRTHS,meaning_cesi,Between states,0.0770481814260912,0.03975088487431086,0.05956780324342294,1539,39,1,County Health Rankings & Roadmaps 2025,Teen Births,"Births per 1,000 females ages 15-19",Higher reproductive-health risk
