source,source_release,outcome_id,outcome_label,outcome_family,native_unit,higher_value_interpretation,definition
CDC PLACES 2024,2024 release,COGNITION,Cognitive Disability,Disability,Age-adjusted percentage of adults,Worse health / higher risk prevalence,Cognitive disability among adults
CDC PLACES 2024,2024 release,DISABILITY,Any Disability,Disability,Age-adjusted percentage of adults,Worse health / higher risk prevalence,Any disability among adults
CDC PLACES 2024,2024 release,HEARING,Hearing Disability,Disability,Age-adjusted percentage of adults,Worse health / higher risk prevalence,Hearing disability among adults
CDC PLACES 2024,2024 release,INDEPLIVE,Independent Living Disability,Disability,Age-adjusted percentage of adults,Worse health / higher risk prevalence,Independent living disability among adults
CDC PLACES 2024,2024 release,MOBILITY,Mobility Disability,Disability,Age-adjusted percentage of adults,Worse health / higher risk prevalence,Mobility disability among adults
CDC PLACES 2024,2024 release,SELFCARE,Self-care Disability,Disability,Age-adjusted percentage of adults,Worse health / higher risk prevalence,Self-care disability among adults
CDC PLACES 2024,2024 release,VISION,Vision Disability,Disability,Age-adjusted percentage of adults,Worse health / higher risk prevalence,Vision disability among adults
CDC PLACES 2024,2024 release,ARTHRITIS,Arthritis,Health Outcomes,Age-adjusted percentage of adults,Worse health / higher risk prevalence,Arthritis among adults
CDC PLACES 2024,2024 release,BPHIGH,High Blood Pressure,Health Outcomes,Age-adjusted percentage of adults,Worse health / higher risk prevalence,High blood pressure among adults
CDC PLACES 2024,2024 release,CANCER,Cancer (non-skin) or Melanoma,Health Outcomes,Age-adjusted percentage of adults,Worse health / higher risk prevalence,Cancer (non-skin) or melanoma among adults
CDC PLACES 2024,2024 release,CASTHMA,Current Asthma,Health Outcomes,Age-adjusted percentage of adults,Worse health / higher risk prevalence,Current asthma among adults
CDC PLACES 2024,2024 release,CHD,Coronary Heart Disease,Health Outcomes,Age-adjusted percentage of adults,Worse health / higher risk prevalence,Coronary heart disease among adults
CDC PLACES 2024,2024 release,COPD,COPD,Health Outcomes,Age-adjusted percentage of adults,Worse health / higher risk prevalence,Chronic obstructive pulmonary disease among adults
CDC PLACES 2024,2024 release,DEPRESSION,Depression,Health Outcomes,Age-adjusted percentage of adults,Worse health / higher risk prevalence,Depression among adults
CDC PLACES 2024,2024 release,DIABETES,Diabetes,Health Outcomes,Age-adjusted percentage of adults,Worse health / higher risk prevalence,Diagnosed diabetes among adults
CDC PLACES 2024,2024 release,HIGHCHOL,High Cholesterol,Health Outcomes,Age-adjusted percentage of adults,Worse health / higher risk prevalence,High cholesterol among adults who have ever been screened
CDC PLACES 2024,2024 release,OBESITY,Obesity,Health Outcomes,Age-adjusted percentage of adults,Worse health / higher risk prevalence,Obesity among adults
CDC PLACES 2024,2024 release,STROKE,Stroke,Health Outcomes,Age-adjusted percentage of adults,Worse health / higher risk prevalence,Stroke among adults
CDC PLACES 2024,2024 release,TEETHLOST,All Teeth Lost,Health Outcomes,Age-adjusted percentage of adults,Worse health / higher risk prevalence,All teeth lost among adults aged >=65 years
CDC PLACES 2024,2024 release,BINGE,Binge Drinking,Health Risk Behaviors,Age-adjusted percentage of adults,Worse health / higher risk prevalence,Binge drinking among adults
CDC PLACES 2024,2024 release,CSMOKING,Current Cigarette Smoking,Health Risk Behaviors,Age-adjusted percentage of adults,Worse health / higher risk prevalence,Current cigarette smoking among adults
CDC PLACES 2024,2024 release,LPA,Physical Inactivity,Health Risk Behaviors,Age-adjusted percentage of adults,Worse health / higher risk prevalence,No leisure-time physical activity among adults
CDC PLACES 2024,2024 release,SLEEP,Short Sleep Duration,Health Risk Behaviors,Age-adjusted percentage of adults,Worse health / higher risk prevalence,Short sleep duration among adults
CDC PLACES 2024,2024 release,GHLTH,General Health,Health Status,Age-adjusted percentage of adults,Worse health / higher risk prevalence,Fair or poor self-rated health status among adults
CDC PLACES 2024,2024 release,MHLTH,Frequent Mental Distress,Health Status,Age-adjusted percentage of adults,Worse health / higher risk prevalence,Frequent mental distress among adults
CDC PLACES 2024,2024 release,PHLTH,Frequent Physical Distress,Health Status,Age-adjusted percentage of adults,Worse health / higher risk prevalence,Frequent physical distress among adults
CDC PLACES 2024,2024 release,EMOTIONSPT,Lack of Social/Emotional Support,Health-Related Social Needs,Age-adjusted percentage of adults,Worse health / higher risk prevalence,Lack of social and emotional support among adults
CDC PLACES 2024,2024 release,ISOLATION,Social Isolation,Health-Related Social Needs,Age-adjusted percentage of adults,Worse health / higher risk prevalence,Feeling socially isolated among adults
County Health Rankings & Roadmaps 2025,2025 analytic data v3,CHR_ALCOHOL_DRIVING_DEATHS,Alcohol-Impaired Driving Deaths,Mortality and longevity,Proportion of driving deaths involving alcohol impairment,Worse health / greater alcohol-related mortality burden,Proportion of driving deaths involving alcohol-impaired drivers.
County Health Rankings & Roadmaps 2025,2025 analytic data v3,CHR_CHILD_MORTALITY,Child Mortality,Mortality and longevity,"Deaths under age 20 per 100,000",Worse health / higher mortality,"Deaths among residents under age 20 per 100,000 population."
County Health Rankings & Roadmaps 2025,2025 analytic data v3,CHR_FIREARM_FATALITIES,Firearm Fatalities,Mortality and longevity,"Deaths per 100,000",Worse health / higher mortality,"Deaths due to firearms per 100,000 population."
County Health Rankings & Roadmaps 2025,2025 analytic data v3,CHR_HOMICIDES,Homicide Mortality,Mortality and longevity,"Deaths per 100,000",Worse health / higher mortality,"Deaths due to homicide per 100,000 population."
County Health Rankings & Roadmaps 2025,2025 analytic data v3,CHR_INFANT_MORTALITY,Infant Mortality,Mortality and longevity,"Deaths under age 1 per 1,000 live births",Worse health / higher mortality,"Infant deaths within the first year of life per 1,000 live births."
County Health Rankings & Roadmaps 2025,2025 analytic data v3,CHR_INJURY_DEATHS,Injury Deaths,Mortality and longevity,"Deaths per 100,000",Worse health / higher mortality,"Deaths due to injury per 100,000 population."
County Health Rankings & Roadmaps 2025,2025 analytic data v3,CHR_LIFEEXP,Life Expectancy,Mortality and longevity,Years,Better health / greater longevity,Average number of years people are expected to live.
County Health Rankings & Roadmaps 2025,2025 analytic data v3,CHR_MVC_DEATHS,Motor Vehicle Crash Deaths,Mortality and longevity,"Deaths per 100,000",Worse health / higher mortality,"Motor vehicle crash deaths per 100,000 population."
County Health Rankings & Roadmaps 2025,2025 analytic data v3,CHR_OVERDOSE_DEATHS,Drug Overdose Deaths,Mortality and longevity,"Deaths per 100,000",Worse health / higher mortality,"Drug poisoning deaths per 100,000 population."
County Health Rankings & Roadmaps 2025,2025 analytic data v3,CHR_PREMATURE_AAM,Premature Age-Adjusted Mortality,Mortality and longevity,"Deaths per 100,000 (age-adjusted)",Worse health / higher mortality,"Deaths among residents under age 75 per 100,000 population (age-adjusted)."
County Health Rankings & Roadmaps 2025,2025 analytic data v3,CHR_PREMATURE_DEATH,Premature Death,Mortality and longevity,"Years of potential life lost before age 75 per 100,000 (age-adjusted)",Worse health / higher mortality burden,"Years of potential life lost before age 75 per 100,000 population (age-adjusted)."
County Health Rankings & Roadmaps 2025,2025 analytic data v3,CHR_SUICIDES,Suicide Mortality,Mortality and longevity,"Deaths per 100,000 (age-adjusted)",Worse health / higher mortality,"Deaths due to suicide per 100,000 population (age-adjusted)."
County Health Rankings & Roadmaps 2025,2025 analytic data v3,CHR_HIV_PREVALENCE,HIV Prevalence,Reproductive and infectious health,"People living with diagnosed HIV per 100,000 age 13+",Higher infectious-disease burden,"People age 13 and older living with diagnosed HIV infection per 100,000 population."
County Health Rankings & Roadmaps 2025,2025 analytic data v3,CHR_LOW_BIRTH_WEIGHT,Low Birth Weight,Reproductive and infectious health,Proportion of live births,Worse population health,"Live births with birth weight below 2,500 grams."
County Health Rankings & Roadmaps 2025,2025 analytic data v3,CHR_STI,Sexually Transmitted Infections,Reproductive and infectious health,"Diagnosed cases per 100,000",Higher infectious-disease burden,"Diagnosed sexually transmitted infections per 100,000 population."
County Health Rankings & Roadmaps 2025,2025 analytic data v3,CHR_TEEN_BIRTHS,Teen Births,Reproductive and infectious health,"Births per 1,000 females ages 15-19",Higher reproductive-health risk,"Births per 1,000 female population ages 15-19."
